date,traffic_count,traffic_status,prediction
2022-02-03,7.0,Low,0.0
2022-02-03,28.0,Low,0.0
2022-02-03,63.0,Low,0.0
2022-02-03,84.0,Low,0.0
2022-02-03,112.0,Low,0.0
2022-02-03,186.0,Low,0.0
2022-02-04,38.0,Low,0.0
2022-02-04,441.0,Medium,0.0
2022-02-05,8.0,Low,0.0
2022-02-05,44.0,Low,0.0
2022-02-05,58.0,Low,0.0
2022-02-05,128.0,Low,0.0
2022-02-06,5.0,Low,0.0
2022-02-08,10.0,Low,0.0
2022-02-08,35.0,Low,0.0
2022-02-08,105.0,Low,0.0
2022-02-08,188.0,Low,0.0
2022-02-09,10.0,Low,0.0
2022-02-10,102.0,Low,0.0
2022-02-10,203.0,Low,0.0
2022-02-10,223.0,Low,0.0
2022-02-10,280.0,Low,0.0
2022-02-11,87.0,Low,0.0
2022-02-11,209.0,Low,0.0
2022-02-12,33.0,Low,0.0
2022-02-12,103.0,Low,0.0
2022-02-13,29.0,Low,0.0
2022-02-13,92.0,Low,0.0
2022-02-13,232.0,Low,0.0
2022-02-13,403.0,Medium,0.0
2022-02-14,103.0,Low,0.0
2022-02-14,146.0,Low,0.0
2022-02-14,165.0,Low,0.0
2022-02-14,386.0,Medium,0.0
2022-02-15,156.0,Low,0.0
2022-02-16,132.0,Low,0.0
2022-02-17,29.0,Low,0.0
2022-02-17,85.0,Low,0.0
2022-02-17,115.0,Low,0.0
2022-02-18,14.0,Low,0.0
2022-02-18,141.0,Low,0.0
2022-02-18,155.0,Low,0.0
2022-02-20,2.0,Low,0.0
2022-02-20,11.0,Low,0.0
2022-02-20,90.0,Low,0.0
2022-02-20,162.0,Low,0.0
2022-02-21,130.0,Low,0.0
2022-02-21,240.0,Low,0.0
2022-02-21,246.0,Low,0.0
2022-02-22,19.0,Low,0.0
2022-02-22,212.0,Low,0.0
2022-02-22,302.0,Low,0.0
2022-02-22,503.0,Medium,0.0
2022-02-24,451.0,Medium,0.0
2022-02-24,553.0,High,0.0
2022-02-25,1.0,Low,0.0
2022-02-25,4.0,Low,0.0
2022-02-25,33.0,Low,0.0
2022-02-25,173.0,Low,0.0
2022-02-26,119.0,Low,0.0
2022-02-27,5.0,Low,0.0
2022-02-27,112.0,Low,0.0
2022-02-27,323.0,Medium,0.0
2022-02-28,12.0,Low,0.0
2022-02-28,72.0,Low,0.0
2022-02-28,634.0,High,0.0
2022-03-01,243.0,Low,0.0
2022-03-02,348.0,Medium,0.0
2022-03-03,21.0,Low,0.0
2022-03-03,44.0,Low,0.0
2022-03-03,44.0,Low,0.0
2022-03-03,65.0,Low,0.0
2022-03-03,179.0,Low,0.0
2022-03-04,25.0,Low,0.0
2022-03-04,88.0,Low,0.0
2022-03-04,231.0,Low,0.0
2022-03-05,32.0,Low,0.0
2022-03-05,125.0,Low,0.0
2022-03-05,237.0,Low,0.0
2022-03-06,29.0,Low,0.0
2022-03-06,102.0,Low,0.0
2022-03-06,159.0,Low,0.0
2022-03-06,557.0,High,0.0
2022-03-07,28.0,Low,0.0
2022-03-07,272.0,Low,0.0
2022-03-08,115.0,Low,0.0
2022-03-08,280.0,Low,0.0
2022-03-09,64.0,Low,0.0
2022-03-09,150.0,Low,0.0
2022-03-09,265.0,Low,0.0
2022-03-09,489.0,Medium,0.0
2022-03-10,47.0,Low,0.0
2022-03-10,174.0,Low,0.0
2022-03-10,318.0,Medium,0.0
2022-03-11,11.0,Low,0.0
2022-03-11,23.0,Low,0.0
2022-03-11,113.0,Low,0.0
2022-03-11,232.0,Low,0.0
2022-03-12,147.0,Low,0.0
2022-03-12,167.0,Low,0.0
2022-03-13,41.0,Low,0.0
2022-03-13,66.0,Low,0.0
2022-03-13,130.0,Low,0.0
2022-03-13,264.0,Low,0.0
2022-03-14,28.0,Low,0.0
2022-03-14,50.0,Low,0.0
2022-03-15,119.0,Low,0.0
2022-03-15,242.0,Low,0.0
2022-03-16,34.0,Low,0.0
2022-03-16,149.0,Low,0.0
2022-03-16,202.0,Low,0.0
2022-03-16,317.0,Medium,0.0
2022-03-18,68.0,Low,0.0
2022-03-18,318.0,Medium,0.0
2022-03-18,527.0,High,0.0
2022-03-18,1056.0,High,0.0
2022-03-19,262.0,Low,0.0
2022-03-20,30.0,Low,0.0
2022-03-20,38.0,Low,0.0
2022-03-20,202.0,Low,0.0
2022-03-21,123.0,Low,0.0
2022-03-21,212.0,Low,0.0
2022-03-21,238.0,Low,0.0
2022-03-21,507.0,Medium,0.0
2022-03-22,65.0,Low,0.0
2022-03-22,252.0,Low,0.0
2022-03-23,53.0,Low,0.0
2022-03-23,178.0,Low,0.0
2022-03-24,76.0,Low,2.0
2022-03-24,490.0,Medium,2.0
2022-03-24,1116.0,High,2.0
2022-03-25,541.0,High,2.0
2022-03-25,682.0,High,2.0
2022-03-25,823.0,High,2.0
2022-03-26,250.0,Low,0.0
2022-03-26,839.0,High,0.0
2022-03-27,88.0,Low,0.0
2022-03-27,257.0,Low,0.0
2022-03-27,262.0,Low,0.0
2022-03-27,303.0,Low,0.0
2022-03-28,189.0,Low,0.0
2022-03-29,37.0,Low,0.0
2022-03-29,284.0,Low,0.0
2022-03-29,329.0,Medium,0.0
2022-03-30,67.0,Low,0.0
2022-03-30,70.0,Low,0.0
2022-03-30,234.0,Low,0.0
2022-03-30,422.0,Medium,0.0
2022-03-30,423.0,Medium,0.0
2022-03-30,476.0,Medium,0.0
2022-03-31,268.0,Low,2.0
2022-04-01,64.0,Low,2.0
2022-04-01,952.0,High,2.0
2022-04-02,301.0,Low,0.0
2022-04-02,459.0,Medium,0.0
2022-04-03,46.0,Low,0.0
2022-04-03,327.0,Medium,0.0
2022-04-04,391.0,Medium,0.0
2022-04-04,428.0,Medium,0.0
2022-04-04,938.0,High,0.0
2022-04-05,229.0,Low,0.0
2022-04-05,475.0,Medium,0.0
2022-04-05,826.0,High,0.0
2022-04-06,445.0,Medium,0.0
2022-04-06,481.0,Medium,0.0
2022-04-06,556.0,High,0.0
2022-04-07,127.0,Low,2.0
2022-04-07,226.0,Low,2.0
2022-04-07,432.0,Medium,2.0
2022-04-08,69.0,Low,2.0
2022-04-08,415.0,Medium,2.0
2022-04-08,472.0,Medium,2.0
2022-04-08,512.0,Medium,2.0
2022-04-09,536.0,High,2.0
2022-04-09,606.0,High,2.0
2022-04-10,314.0,Medium,0.0
2022-04-10,334.0,Medium,0.0
2022-04-11,392.0,Medium,0.0
2022-04-11,401.0,Medium,0.0
2022-04-12,124.0,Low,0.0
2022-04-13,202.0,Low,2.0
2022-04-13,313.0,Medium,2.0
2022-04-14,461.0,Medium,0.0
2022-04-14,989.0,High,0.0
2022-04-15,447.0,Medium,0.0
2022-04-15,488.0,Medium,0.0
2022-04-17,367.0,Medium,0.0
2022-04-18,86.0,Low,0.0
2022-04-18,379.0,Medium,0.0
2022-04-19,77.0,Low,0.0
2022-04-19,397.0,Medium,0.0
2022-04-19,399.0,Medium,0.0
2022-04-20,537.0,High,2.0
2022-04-21,60.0,Low,2.0
2022-04-21,356.0,Medium,2.0
2022-04-21,487.0,Medium,2.0
2022-04-22,309.0,Medium,0.0
2022-04-23,381.0,Medium,2.0
2022-04-23,536.0,High,2.0
2022-04-24,100.0,Low,2.0
2022-04-24,396.0,Medium,2.0
2022-04-24,652.0,High,2.0
2022-04-25,734.0,High,2.0
2022-04-25,769.0,High,2.0
2022-04-26,103.0,Low,2.0
2022-04-26,160.0,Low,2.0
2022-04-26,599.0,High,2.0
2022-04-28,232.0,Low,2.0
2022-04-28,290.0,Low,2.0
2022-04-28,501.0,Medium,2.0
2022-04-29,63.0,Low,2.0
2022-04-29,235.0,Low,2.0
2022-04-29,478.0,Medium,2.0
2022-04-29,729.0,High,2.0
2022-04-30,50.0,Low,2.0
2022-04-30,542.0,High,2.0
2022-05-01,416.0,Medium,1.0
2022-05-01,808.0,High,1.0
2022-05-02,621.0,High,2.0
2022-05-04,43.0,Low,2.0
2022-05-05,604.0,High,2.0
2022-05-05,1048.0,High,2.0
2022-05-07,417.0,Medium,0.0
2022-05-07,500.0,Medium,0.0
2022-05-08,205.0,Low,0.0
2022-05-08,301.0,Low,0.0
2022-05-08,628.0,High,0.0
2022-05-09,50.0,Low,0.0
2022-05-09,263.0,Low,0.0
2022-05-09,470.0,Medium,0.0
2022-05-09,557.0,High,0.0
2022-05-09,619.0,High,0.0
2022-05-10,85.0,Low,2.0
2022-05-10,407.0,Medium,2.0
2022-05-10,537.0,High,2.0
2022-05-10,795.0,High,2.0
2022-05-11,274.0,Low,2.0
2022-05-11,608.0,High,2.0
2022-05-12,256.0,Low,2.0
2022-05-12,280.0,Low,2.0
2022-05-12,541.0,High,2.0
2022-05-14,187.0,Low,0.0
2022-05-14,457.0,Medium,0.0
2022-05-15,901.0,High,0.0
2022-05-17,108.0,Low,2.0
2022-05-17,196.0,Low,2.0
2022-05-17,317.0,Medium,2.0
2022-05-18,66.0,Low,2.0
2022-05-18,722.0,High,2.0
2022-05-19,326.0,Medium,2.0
2022-05-19,327.0,Medium,2.0
2022-05-19,548.0,High,2.0
2022-05-20,262.0,Low,2.0
2022-05-20,1050.0,High,2.0
2022-05-20,1616.0,High,2.0
2022-05-21,283.0,Low,2.0
2022-05-21,838.0,High,2.0
2022-05-22,27.0,Low,0.0
2022-05-22,54.0,Low,0.0
2022-05-22,126.0,Low,0.0
2022-05-22,181.0,Low,0.0
2022-05-22,324.0,Medium,0.0
2022-05-24,498.0,Medium,2.0
2022-05-25,125.0,Low,2.0
2022-05-25,415.0,Medium,2.0
2022-05-25,420.0,Medium,2.0
2022-05-26,551.0,High,2.0
2022-05-26,697.0,High,2.0
2022-05-26,785.0,High,2.0
2022-05-27,361.0,Medium,2.0
2022-05-27,377.0,Medium,2.0
2022-05-27,396.0,Medium,2.0
2022-05-27,524.0,High,2.0
2022-05-27,562.0,High,2.0
2022-05-28,68.0,Low,2.0
2022-05-28,325.0,Medium,2.0
2022-05-28,994.0,High,2.0
2022-05-29,85.0,Low,0.0
2022-05-29,103.0,Low,0.0
2022-05-29,346.0,Medium,0.0
2022-05-30,64.0,Low,2.0
2022-05-31,56.0,Low,2.0
2022-05-31,443.0,Medium,2.0
2022-05-31,537.0,High,2.0
2022-05-31,1052.0,High,2.0
2022-06-01,277.0,Low,2.0
2022-06-01,1200.0,High,2.0
2022-06-02,795.0,High,2.0
2022-06-03,277.0,Low,2.0
2022-06-03,408.0,Medium,2.0
2022-06-03,439.0,Medium,2.0
2022-06-03,669.0,High,2.0
2022-06-04,448.0,Medium,0.0
2022-06-05,716.0,High,2.0
2022-06-06,326.0,Medium,2.0
2022-06-06,536.0,High,2.0
2022-06-07,61.0,Low,2.0
2022-06-07,460.0,Medium,2.0
2022-06-07,942.0,High,2.0
2022-06-08,249.0,Low,2.0
2022-06-08,359.0,Medium,2.0
2022-06-08,400.0,Medium,2.0
2022-06-09,237.0,Low,2.0
2022-06-09,293.0,Low,2.0
2022-06-09,553.0,High,2.0
2022-06-10,144.0,Low,2.0
2022-06-10,484.0,Medium,2.0
2022-06-11,96.0,Low,2.0
2022-06-11,123.0,Low,2.0
2022-06-11,1195.0,High,2.0
2022-06-12,59.0,Low,2.0
2022-06-12,335.0,Medium,2.0
2022-06-13,20.0,Low,2.0
2022-06-13,70.0,Low,2.0
2022-06-13,73.0,Low,2.0
2022-06-13,219.0,Low,2.0
2022-06-13,445.0,Medium,2.0
2022-06-15,120.0,Low,2.0
2022-06-15,279.0,Low,2.0
2022-06-15,464.0,Medium,2.0
2022-06-15,484.0,Medium,2.0
2022-06-17,71.0,Low,2.0
2022-06-17,121.0,Low,2.0
2022-06-17,307.0,Low,2.0
2022-06-17,324.0,Medium,2.0
2022-06-17,399.0,Medium,2.0
2022-06-17,650.0,High,2.0
2022-06-18,258.0,Low,2.0
2022-06-18,528.0,High,2.0
2022-06-18,940.0,High,2.0
2022-06-19,72.0,Low,2.0
2022-06-19,77.0,Low,2.0
2022-06-19,170.0,Low,2.0
2022-06-19,752.0,High,2.0
2022-06-20,345.0,Medium,2.0
2022-06-20,346.0,Medium,2.0
2022-06-20,475.0,Medium,2.0
2022-06-20,619.0,High,2.0
2022-06-21,88.0,Low,2.0
2022-06-21,396.0,Medium,2.0
2022-06-21,549.0,High,2.0
2022-06-22,188.0,Low,2.0
2022-06-22,769.0,High,2.0
2022-06-23,155.0,Low,2.0
2022-06-23,528.0,High,2.0
2022-06-24,195.0,Low,2.0
2022-06-24,345.0,Medium,2.0
2022-06-24,425.0,Medium,2.0
2022-06-24,441.0,Medium,2.0
2022-06-25,347.0,Medium,2.0
2022-06-25,488.0,Medium,2.0
2022-06-26,109.0,Low,2.0
2022-06-26,138.0,Low,2.0
2022-06-26,175.0,Low,2.0
2022-06-26,395.0,Medium,2.0
2022-06-26,458.0,Medium,2.0
2022-06-26,557.0,High,2.0
2022-06-27,140.0,Low,2.0
2022-06-27,403.0,Medium,2.0
2022-06-27,546.0,High,2.0
2022-06-28,223.0,Low,2.0
2022-06-28,601.0,High,2.0
2022-06-29,84.0,Low,2.0
2022-06-29,379.0,Medium,2.0
2022-06-29,486.0,Medium,2.0
2022-06-29,664.0,High,2.0
2022-06-29,1073.0,High,2.0
2022-06-30,49.0,Low,2.0
2022-06-30,277.0,Low,2.0
2022-06-30,528.0,High,2.0
2022-06-30,607.0,High,2.0
2022-07-01,234.0,Low,2.0
2022-07-01,376.0,Medium,2.0
2022-07-01,931.0,High,2.0
2022-07-02,288.0,Low,2.0
2022-07-02,347.0,Medium,2.0
2022-07-02,389.0,Medium,2.0
2022-07-02,704.0,High,2.0
2022-07-02,970.0,High,2.0
2022-07-03,97.0,Low,2.0
2022-07-03,143.0,Low,2.0
2022-07-03,341.0,Medium,2.0
2022-07-03,442.0,Medium,2.0
2022-07-03,1010.0,High,2.0
2022-07-04,305.0,Low,2.0
2022-07-04,991.0,High,2.0
2022-07-06,223.0,Low,2.0
2022-07-06,299.0,Low,2.0
2022-07-07,352.0,Medium,2.0
2022-07-08,481.0,Medium,2.0
2022-07-08,1112.0,High,2.0
2022-07-08,1786.0,High,2.0
2022-07-09,34.0,Low,2.0
2022-07-09,203.0,Low,2.0
2022-07-09,246.0,Low,2.0
2022-07-09,290.0,Low,2.0
2022-07-09,582.0,High,2.0
2022-07-10,64.0,Low,0.0
2022-07-11,79.0,Low,2.0
2022-07-11,218.0,Low,2.0
2022-07-11,871.0,High,2.0
2022-07-12,27.0,Low,0.0
2022-07-12,48.0,Low,0.0
2022-07-12,123.0,Low,0.0
2022-07-12,290.0,Low,0.0
2022-07-13,301.0,Low,2.0
2022-07-14,149.0,Low,2.0
2022-07-14,166.0,Low,2.0
2022-07-14,284.0,Low,2.0
2022-07-15,25.0,Low,2.0
2022-07-15,323.0,Medium,2.0
2022-07-16,95.0,Low,2.0
2022-07-17,44.0,Low,0.0
2022-07-17,247.0,Low,0.0
2022-07-17,639.0,High,0.0
2022-07-18,95.0,Low,2.0
2022-07-18,706.0,High,2.0
2022-07-19,447.0,Medium,2.0
2022-07-20,148.0,Low,2.0
2022-07-20,185.0,Low,2.0
2022-07-20,342.0,Medium,2.0
2022-07-20,552.0,High,2.0
2022-07-21,60.0,Low,2.0
2022-07-21,488.0,Medium,2.0
2022-07-22,141.0,Low,2.0
2022-07-22,202.0,Low,2.0
2022-07-22,395.0,Medium,2.0
2022-07-22,696.0,High,2.0
2022-07-23,171.0,Low,2.0
2022-07-23,275.0,Low,2.0
2022-07-23,724.0,High,2.0
2022-07-24,2.0,Low,2.0
2022-07-24,745.0,High,2.0
2022-07-25,174.0,Low,2.0
2022-07-25,201.0,Low,2.0
2022-07-25,340.0,Medium,2.0
2022-07-25,500.0,Medium,2.0
2022-07-26,91.0,Low,2.0
2022-07-26,102.0,Low,2.0
2022-07-26,142.0,Low,2.0
2022-07-27,256.0,Low,2.0
2022-07-27,259.0,Low,2.0
2022-07-27,568.0,High,2.0
2022-07-27,661.0,High,2.0
2022-07-28,564.0,High,2.0
2022-07-28,791.0,High,2.0
2022-07-29,372.0,Medium,2.0
2022-07-29,488.0,Medium,2.0
2022-07-29,600.0,High,2.0
2022-07-30,115.0,Low,2.0
2022-07-30,153.0,Low,2.0
2022-07-30,646.0,High,2.0
2022-07-31,101.0,Low,0.0
2022-07-31,238.0,Low,0.0
2022-08-01,32.0,Low,0.0
2022-08-01,96.0,Low,0.0
2022-08-01,297.0,Low,0.0
2022-08-01,595.0,High,0.0
2022-08-01,762.0,High,0.0
2022-08-02,111.0,Low,2.0
2022-08-02,399.0,Medium,2.0
2022-08-03,411.0,Medium,2.0
2022-08-03,651.0,High,2.0
2022-08-04,215.0,Low,2.0
2022-08-04,639.0,High,2.0
2022-08-05,118.0,Low,2.0
2022-08-05,291.0,Low,2.0
2022-08-05,906.0,High,2.0
2022-08-06,347.0,Medium,2.0
2022-08-06,373.0,Medium,2.0
2022-08-06,397.0,Medium,2.0
2022-08-06,456.0,Medium,2.0
2022-08-07,106.0,Low,1.0
2022-08-08,67.0,Low,2.0
2022-08-08,139.0,Low,2.0
2022-08-08,265.0,Low,2.0
2022-08-08,418.0,Medium,2.0
2022-08-08,494.0,Medium,2.0
2022-08-09,161.0,Low,2.0
2022-08-09,213.0,Low,2.0
2022-08-09,363.0,Medium,2.0
2022-08-09,527.0,High,2.0
2022-08-09,547.0,High,2.0
2022-08-09,780.0,High,2.0
2022-08-09,1087.0,High,2.0
2022-08-10,109.0,Low,2.0
2022-08-10,154.0,Low,2.0
2022-08-10,331.0,Medium,2.0
2022-08-10,374.0,Medium,2.0
2022-08-11,43.0,Low,2.0
2022-08-11,70.0,Low,2.0
2022-08-11,202.0,Low,2.0
2022-08-11,228.0,Low,2.0
2022-08-11,291.0,Low,2.0
2022-08-11,459.0,Medium,2.0
2022-08-11,792.0,High,2.0
2022-08-12,76.0,Low,2.0
2022-08-12,194.0,Low,2.0
2022-08-12,200.0,Low,2.0
2022-08-13,404.0,Medium,2.0
2022-08-14,452.0,Medium,0.0
2022-08-14,589.0,High,0.0
2022-08-15,535.0,High,2.0
2022-08-15,970.0,High,2.0
2022-08-16,45.0,Low,0.0
2022-08-16,193.0,Low,0.0
2022-08-16,584.0,High,0.0
2022-08-17,838.0,High,2.0
2022-08-17,945.0,High,2.0
2022-08-18,418.0,Medium,2.0
2022-08-19,372.0,Medium,2.0
2022-08-20,71.0,Low,2.0
2022-08-20,134.0,Low,2.0
2022-08-20,553.0,High,2.0
2022-08-20,819.0,High,2.0
2022-08-21,120.0,Low,2.0
2022-08-21,371.0,Medium,2.0
2022-08-21,440.0,Medium,2.0
2022-08-21,617.0,High,2.0
2022-08-21,868.0,High,2.0
2022-08-22,220.0,Low,2.0
2022-08-22,482.0,Medium,2.0
2022-08-22,569.0,High,2.0
2022-08-23,300.0,Low,2.0
2022-08-23,310.0,Medium,2.0
2022-08-23,430.0,Medium,2.0
2022-08-23,509.0,Medium,2.0
2022-08-23,565.0,High,2.0
2022-08-24,124.0,Low,2.0
2022-08-24,338.0,Medium,2.0
2022-08-24,515.0,High,2.0
2022-08-24,813.0,High,2.0
2022-08-25,134.0,Low,2.0
2022-08-25,157.0,Low,2.0
2022-08-25,400.0,Medium,2.0
2022-08-25,446.0,Medium,2.0
2022-08-25,547.0,High,2.0
2022-08-25,568.0,High,2.0
2022-08-25,577.0,High,2.0
2022-08-25,740.0,High,2.0
2022-08-26,95.0,Low,2.0
2022-08-26,147.0,Low,2.0
2022-08-26,246.0,Low,2.0
2022-08-26,429.0,Medium,2.0
2022-08-26,665.0,High,2.0
2022-08-26,749.0,High,2.0
2022-08-27,15.0,Low,0.0
2022-08-28,61.0,Low,0.0
2022-08-28,151.0,Low,0.0
2022-08-28,286.0,Low,0.0
2022-08-28,355.0,Medium,0.0
2022-08-28,656.0,High,0.0
2022-08-29,260.0,Low,2.0
2022-08-29,400.0,Medium,2.0
2022-08-29,439.0,Medium,2.0
2022-08-29,587.0,High,2.0
2022-08-30,118.0,Low,2.0
2022-08-31,125.0,Low,2.0
2022-08-31,478.0,Medium,2.0
2022-08-31,561.0,High,2.0
2022-09-01,65.0,Low,0.0
2022-09-01,76.0,Low,0.0
2022-09-01,452.0,Medium,0.0
2022-09-01,462.0,Medium,0.0
2022-09-01,561.0,High,0.0
2022-09-02,69.0,Low,2.0
2022-09-02,70.0,Low,2.0
2022-09-02,85.0,Low,2.0
2022-09-02,102.0,Low,2.0
2022-09-05,167.0,Low,0.0
2022-09-05,785.0,High,0.0
2022-09-06,141.0,Low,0.0
2022-09-07,676.0,High,2.0
2022-09-08,139.0,Low,2.0
2022-09-09,118.0,Low,2.0
2022-09-09,178.0,Low,2.0
2022-09-09,240.0,Low,2.0
2022-09-09,413.0,Medium,2.0
2022-09-10,193.0,Low,2.0
2022-09-10,250.0,Low,2.0
2022-09-10,355.0,Medium,2.0
2022-09-10,399.0,Medium,2.0
2022-09-10,586.0,High,2.0
2022-09-10,602.0,High,2.0
2022-09-11,173.0,Low,2.0
2022-09-11,191.0,Low,2.0
2022-09-11,298.0,Low,2.0
2022-09-11,333.0,Medium,2.0
2022-09-11,385.0,Medium,2.0
2022-09-12,1072.0,High,2.0
2022-09-13,257.0,Low,2.0
2022-09-13,420.0,Medium,2.0
2022-09-13,530.0,High,2.0
2022-09-14,106.0,Low,2.0
2022-09-14,259.0,Low,2.0
2022-09-15,153.0,Low,2.0
2022-09-15,353.0,Medium,2.0
2022-09-15,394.0,Medium,2.0
2022-09-15,459.0,Medium,2.0
2022-09-16,22.0,Low,2.0
2022-09-16,392.0,Medium,2.0
2022-09-16,599.0,High,2.0
2022-09-17,168.0,Low,2.0
2022-09-17,296.0,Low,2.0
2022-09-17,410.0,Medium,2.0
2022-09-17,418.0,Medium,2.0
2022-09-19,393.0,Medium,0.0
2022-09-19,512.0,Medium,0.0
2022-09-20,113.0,Low,2.0
2022-09-20,203.0,Low,2.0
2022-09-20,310.0,Medium,2.0
2022-09-20,571.0,High,2.0
2022-09-21,352.0,Medium,2.0
2022-09-22,208.0,Low,2.0
2022-09-22,364.0,Medium,2.0
2022-09-22,584.0,High,2.0
2022-09-22,695.0,High,2.0
2022-09-23,54.0,Low,0.0
2022-09-23,69.0,Low,0.0
2022-09-23,540.0,High,0.0
2022-09-24,73.0,Low,2.0
2022-09-24,479.0,Medium,2.0
2022-09-25,85.0,Low,0.0
2022-09-25,98.0,Low,0.0
2022-09-25,334.0,Medium,0.0
2022-09-25,407.0,Medium,0.0
2022-09-25,672.0,High,0.0
2022-09-26,82.0,Low,1.0
2022-09-26,174.0,Low,1.0
2022-09-26,324.0,Medium,1.0
2022-09-27,182.0,Low,2.0
2022-09-27,233.0,Low,2.0
2022-09-28,126.0,Low,2.0
2022-09-28,273.0,Low,2.0
2022-09-28,305.0,Low,2.0
2022-09-28,520.0,High,2.0
2022-09-28,689.0,High,2.0
2022-09-29,113.0,Low,0.0
2022-09-29,431.0,Medium,0.0
2022-09-30,58.0,Low,0.0
2022-09-30,147.0,Low,0.0
2022-09-30,191.0,Low,0.0
2022-09-30,426.0,Medium,0.0
2022-10-01,422.0,Medium,2.0
2022-10-01,475.0,Medium,2.0
2022-10-01,585.0,High,2.0
2022-10-02,217.0,Low,0.0
2022-10-02,260.0,Low,0.0
2022-10-02,382.0,Medium,0.0
2022-10-03,53.0,Low,0.0
2022-10-03,227.0,Low,0.0
2022-10-03,307.0,Low,0.0
2022-10-05,118.0,Low,0.0
2022-10-05,284.0,Low,0.0
2022-10-06,160.0,Low,2.0
2022-10-06,187.0,Low,2.0
2022-10-07,283.0,Low,2.0
2022-10-07,514.0,High,2.0
2022-10-07,557.0,High,2.0
2022-10-08,8.0,Low,0.0
2022-10-08,25.0,Low,0.0
2022-10-08,51.0,Low,0.0
2022-10-08,220.0,Low,0.0
2022-10-09,61.0,Low,0.0
2022-10-09,84.0,Low,0.0
2022-10-09,100.0,Low,0.0
2022-10-09,129.0,Low,0.0
2022-10-10,23.0,Low,0.0
2022-10-10,68.0,Low,0.0
2022-10-10,106.0,Low,0.0
2022-10-10,151.0,Low,0.0
2022-10-10,183.0,Low,0.0
2022-10-11,237.0,Low,0.0
2022-10-12,168.0,Low,1.0
2022-10-12,196.0,Low,1.0
2022-10-12,284.0,Low,1.0
2022-10-13,46.0,Low,0.0
2022-10-13,306.0,Low,0.0
2022-10-13,344.0,Medium,0.0
2022-10-13,351.0,Medium,0.0
2022-10-14,139.0,Low,1.0
2022-10-14,199.0,Low,1.0
2022-10-15,199.0,Low,1.0
2022-10-15,293.0,Low,1.0
2022-10-16,27.0,Low,0.0
2022-10-16,198.0,Low,0.0
2022-10-17,49.0,Low,1.0
2022-10-18,273.0,Low,1.0
2022-10-18,419.0,Medium,1.0
2022-10-18,453.0,Medium,1.0
2022-10-19,41.0,Low,1.0
2022-10-19,319.0,Medium,1.0
2022-10-19,494.0,Medium,1.0
2022-10-20,40.0,Low,1.0
2022-10-21,114.0,Low,1.0
2022-10-21,348.0,Medium,1.0
2022-10-21,381.0,Medium,1.0
2022-10-21,700.0,High,1.0
2022-10-22,2.0,Low,0.0
2022-10-22,51.0,Low,0.0
2022-10-23,222.0,Low,0.0
2022-10-23,228.0,Low,0.0
2022-10-23,361.0,Medium,0.0
2022-10-24,50.0,Low,0.0
2022-10-24,141.0,Low,0.0
2022-10-24,293.0,Low,0.0
2022-10-24,419.0,Medium,0.0
2022-10-24,433.0,Medium,0.0
2022-10-25,59.0,Low,1.0
2022-10-25,269.0,Low,1.0
2022-10-26,157.0,Low,1.0
2022-10-26,251.0,Low,1.0
2022-10-27,93.0,Low,1.0
2022-10-27,305.0,Low,1.0
2022-10-27,514.0,High,1.0
2022-10-28,31.0,Low,1.0
2022-10-28,64.0,Low,1.0
2022-10-28,514.0,High,1.0
2022-10-29,64.0,Low,1.0
2022-10-29,302.0,Low,1.0
2022-10-29,309.0,Medium,1.0
2022-10-30,194.0,Low,1.0
2022-10-30,388.0,Medium,1.0
2022-10-30,514.0,High,1.0
2022-10-31,64.0,Low,1.0
2022-10-31,92.0,Low,1.0
2022-10-31,207.0,Low,1.0
2022-11-11,143.0,Low,0.0
2022-11-11,217.0,Low,0.0
2022-11-11,306.0,Low,0.0
2022-11-12,80.0,Low,0.0
2022-11-12,105.0,Low,0.0
2022-11-13,126.0,Low,0.0
2022-11-13,293.0,Low,0.0
2022-11-14,114.0,Low,0.0
2022-11-14,117.0,Low,0.0
2022-11-14,176.0,Low,0.0
2022-11-14,317.0,Medium,0.0
2022-11-14,340.0,Medium,0.0
2022-11-15,116.0,Low,0.0
2022-11-15,439.0,Medium,0.0
2022-11-16,136.0,Low,0.0
2022-11-16,282.0,Low,0.0
2022-11-16,316.0,Medium,0.0
2022-11-17,40.0,Low,2.0
2022-11-18,79.0,Low,2.0
2022-11-18,182.0,Low,2.0
2022-11-18,198.0,Low,2.0
2022-11-18,369.0,Medium,2.0
2022-11-18,553.0,High,2.0
2022-11-19,233.0,Low,0.0
2022-11-19,451.0,Medium,0.0
2022-11-19,466.0,Medium,0.0
2022-11-19,816.0,High,0.0
2022-11-20,305.0,Low,0.0
2022-11-21,152.0,Low,0.0
2022-11-21,252.0,Low,0.0
2022-11-21,396.0,Medium,0.0
2022-11-21,521.0,High,0.0
2022-11-22,152.0,Low,0.0
2022-11-22,397.0,Medium,0.0
2022-11-23,61.0,Low,0.0
2022-11-23,90.0,Low,0.0
2022-11-24,56.0,Low,0.0
2022-11-24,115.0,Low,0.0
2022-11-24,186.0,Low,0.0
2022-11-24,221.0,Low,0.0
2022-11-25,639.0,High,2.0
2022-11-27,30.0,Low,0.0
2022-11-27,36.0,Low,0.0
2022-11-27,67.0,Low,0.0
2022-11-27,180.0,Low,0.0
2022-11-27,189.0,Low,0.0
2022-11-27,222.0,Low,0.0
2022-11-28,73.0,Low,0.0
2022-11-28,692.0,High,0.0
2022-11-29,174.0,Low,0.0
2022-11-29,388.0,Medium,0.0
2022-11-29,551.0,High,0.0
2022-11-29,849.0,High,0.0
2022-11-30,605.0,High,0.0
2022-12-01,122.0,Low,0.0
2022-12-01,251.0,Low,0.0
2022-12-02,93.0,Low,0.0
2022-12-03,131.0,Low,0.0
2022-12-03,213.0,Low,0.0
2022-12-04,85.0,Low,0.0
2022-12-04,85.0,Low,0.0
2022-12-04,175.0,Low,0.0
2022-12-04,309.0,Medium,0.0
2022-12-05,117.0,Low,0.0
2022-12-05,240.0,Low,0.0
2022-12-05,597.0,High,0.0
2022-12-06,82.0,Low,0.0
2022-12-06,100.0,Low,0.0
2022-12-06,270.0,Low,0.0
2022-12-07,258.0,Low,2.0
2022-12-07,442.0,Medium,2.0
2022-12-07,627.0,High,2.0
2022-12-07,747.0,High,2.0
2022-12-08,82.0,Low,0.0
2022-12-08,324.0,Medium,0.0
2022-12-09,116.0,Low,2.0
2022-12-09,588.0,High,2.0
2022-12-09,669.0,High,2.0
2022-12-09,919.0,High,2.0
2022-12-10,582.0,High,0.0
2022-12-11,13.0,Low,0.0
2022-12-11,52.0,Low,0.0
2022-12-12,29.0,Low,0.0
2022-12-12,481.0,Medium,0.0
2022-12-12,603.0,High,0.0
2022-12-13,157.0,Low,0.0
2022-12-13,228.0,Low,0.0
2022-12-14,442.0,Medium,2.0
2022-12-14,844.0,High,2.0
2022-12-15,16.0,Low,0.0
2022-12-15,221.0,Low,0.0
2022-12-16,104.0,Low,0.0
2022-12-16,143.0,Low,0.0
2022-12-16,193.0,Low,0.0
2022-12-16,194.0,Low,0.0
2022-12-16,293.0,Low,0.0
2022-12-16,527.0,High,0.0
2022-12-17,29.0,Low,0.0
2022-12-17,229.0,Low,0.0
2022-12-17,229.0,Low,0.0
2022-12-17,240.0,Low,0.0
2022-12-17,378.0,Medium,0.0
2022-12-18,28.0,Low,0.0
2022-12-18,368.0,Medium,0.0
2022-12-19,93.0,Low,0.0
2022-12-20,39.0,Low,0.0
2022-12-20,72.0,Low,0.0
2022-12-20,373.0,Medium,0.0
2022-12-20,436.0,Medium,0.0
2022-12-21,110.0,Low,0.0
2022-12-21,399.0,Medium,0.0
2022-12-22,30.0,Low,0.0
2022-12-22,236.0,Low,0.0
2022-12-23,3.0,Low,0.0
2022-12-23,33.0,Low,0.0
2022-12-23,61.0,Low,0.0
2022-12-23,85.0,Low,0.0
2022-12-24,98.0,Low,0.0
2022-12-24,101.0,Low,0.0
2022-12-24,321.0,Medium,0.0
2022-12-25,4.0,Low,0.0
2022-12-25,11.0,Low,0.0
2022-12-25,39.0,Low,0.0
2022-12-25,50.0,Low,0.0
2022-12-25,76.0,Low,0.0
2022-12-25,137.0,Low,0.0
2022-12-26,11.0,Low,0.0
2022-12-26,38.0,Low,0.0
2022-12-26,127.0,Low,0.0
2022-12-26,135.0,Low,0.0
2022-12-27,73.0,Low,0.0
2022-12-27,172.0,Low,0.0
2022-12-27,297.0,Low,0.0
2022-12-28,32.0,Low,0.0
2022-12-28,41.0,Low,0.0
2022-12-28,87.0,Low,0.0
2022-12-28,377.0,Medium,0.0
2022-12-29,207.0,Low,0.0
2022-12-30,183.0,Low,0.0
2022-12-30,223.0,Low,0.0
2023-01-04,4.0,Low,0.0
2023-01-04,4.0,Low,0.0
2023-01-04,15.0,Low,0.0
2023-01-04,74.0,Low,0.0
2023-01-05,50.0,Low,0.0
2023-01-05,437.0,Medium,0.0
2023-01-06,327.0,Medium,0.0
2023-01-07,79.0,Low,0.0
2023-01-07,373.0,Medium,0.0
2023-01-08,176.0,Low,0.0
2023-01-08,180.0,Low,0.0
2023-01-08,187.0,Low,0.0
2023-01-08,410.0,Medium,0.0
2023-01-09,91.0,Low,0.0
2023-01-09,108.0,Low,0.0
2023-01-09,182.0,Low,0.0
2023-01-09,470.0,Medium,0.0
2023-01-10,46.0,Low,0.0
2023-01-10,258.0,Low,0.0
2023-01-10,847.0,High,0.0
2023-01-11,85.0,Low,0.0
2023-01-11,89.0,Low,0.0
2023-01-11,245.0,Low,0.0
2023-01-11,249.0,Low,0.0
2023-01-11,279.0,Low,0.0
2023-01-11,300.0,Low,0.0
2023-01-11,370.0,Medium,0.0
2023-01-12,73.0,Low,0.0
2023-01-12,87.0,Low,0.0
2023-01-12,194.0,Low,0.0
2023-01-12,199.0,Low,0.0
2023-01-12,236.0,Low,0.0
2023-01-13,253.0,Low,0.0
2023-01-13,378.0,Medium,0.0
2023-01-14,65.0,Low,0.0
2023-01-14,67.0,Low,0.0
2023-01-14,143.0,Low,0.0
2023-01-15,2.0,Low,0.0
2023-01-15,47.0,Low,0.0
2023-01-15,93.0,Low,0.0
2023-01-15,137.0,Low,0.0
2023-01-16,11.0,Low,0.0
2023-01-16,63.0,Low,0.0
2023-01-16,125.0,Low,0.0
2023-01-17,15.0,Low,0.0
2023-01-17,36.0,Low,0.0
2023-01-17,121.0,Low,0.0
2023-01-17,122.0,Low,0.0
2023-01-17,139.0,Low,0.0
2023-01-17,168.0,Low,0.0
2023-01-17,177.0,Low,0.0
2023-01-18,97.0,Low,0.0
2023-01-18,109.0,Low,0.0
2023-01-18,228.0,Low,0.0
2023-01-18,245.0,Low,0.0
2023-01-18,253.0,Low,0.0
2023-01-18,342.0,Medium,0.0
2023-01-19,55.0,Low,0.0
2023-01-19,148.0,Low,0.0
2023-01-20,621.0,High,0.0
2023-01-21,142.0,Low,0.0
2023-01-23,89.0,Low,0.0
2023-01-23,174.0,Low,0.0
2023-01-23,296.0,Low,0.0
2023-01-24,184.0,Low,0.0
2023-01-24,193.0,Low,0.0
2023-01-24,367.0,Medium,0.0
2023-01-25,101.0,Low,0.0
2023-01-25,102.0,Low,0.0
2023-01-25,174.0,Low,0.0
2023-01-26,51.0,Low,0.0
2023-01-27,26.0,Low,0.0
2023-01-27,169.0,Low,0.0
2023-01-27,184.0,Low,0.0
2023-01-27,506.0,Medium,0.0
2023-01-28,22.0,Low,0.0
2023-01-28,32.0,Low,0.0
2023-01-29,1.0,Low,0.0
2023-01-29,10.0,Low,0.0
2023-01-29,60.0,Low,0.0
2023-01-29,89.0,Low,0.0
2023-01-29,100.0,Low,0.0
2023-01-30,27.0,Low,0.0
2023-01-30,168.0,Low,0.0
2023-01-31,26.0,Low,0.0
2023-01-31,219.0,Low,0.0
2023-01-31,274.0,Low,0.0
2023-02-01,35.0,Low,2.0
2023-02-01,144.0,Low,2.0
2023-02-01,864.0,High,2.0
2023-02-01,864.0,High,2.0
2023-02-01,1152.0,High,2.0
2023-02-01,1584.0,High,2.0
2023-02-02,219.0,Low,0.0
2023-02-02,312.0,Medium,0.0
2023-02-03,5.0,Low,0.0
2023-02-03,15.0,Low,0.0
2023-02-03,116.0,Low,0.0
2023-02-04,14.0,Low,0.0
2023-02-04,98.0,Low,0.0
2023-02-05,24.0,Low,0.0
2023-02-05,64.0,Low,0.0
2023-02-05,85.0,Low,0.0
2023-02-05,133.0,Low,0.0
2023-02-05,154.0,Low,0.0
2023-02-05,242.0,Low,0.0
2023-02-06,34.0,Low,0.0
2023-02-06,48.0,Low,0.0
2023-02-06,138.0,Low,0.0
2023-02-06,178.0,Low,0.0
2023-02-06,287.0,Low,0.0
2023-02-06,432.0,Medium,0.0
2023-02-07,33.0,Low,0.0
2023-02-07,44.0,Low,0.0
2023-02-07,194.0,Low,0.0
2023-02-07,332.0,Medium,0.0
2023-02-07,377.0,Medium,0.0
2023-02-08,10.0,Low,0.0
2023-02-08,41.0,Low,0.0
2023-02-08,72.0,Low,0.0
2023-02-08,211.0,Low,0.0
2023-02-08,216.0,Low,0.0
2023-02-08,267.0,Low,0.0
2023-02-08,267.0,Low,0.0
2023-02-08,370.0,Medium,0.0
2023-02-09,120.0,Low,0.0
2023-02-09,133.0,Low,0.0
2023-02-09,227.0,Low,0.0
2023-02-10,319.0,Medium,0.0
2023-02-10,350.0,Medium,0.0
2023-02-10,391.0,Medium,0.0
2023-02-11,210.0,Low,0.0
2023-02-11,332.0,Medium,0.0
2023-02-12,11.0,Low,0.0
2023-02-12,222.0,Low,0.0
2023-02-12,377.0,Medium,0.0
2023-02-13,48.0,Low,0.0
2023-02-13,110.0,Low,0.0
2023-02-13,192.0,Low,0.0
2023-02-13,300.0,Low,0.0
2023-02-14,186.0,Low,0.0
2023-02-14,228.0,Low,0.0
2023-02-14,744.0,High,0.0
2023-02-15,72.0,Low,0.0
2023-02-15,216.0,Low,0.0
2023-02-15,384.0,Medium,0.0
2023-02-16,168.0,Low,0.0
2023-02-16,209.0,Low,0.0
2023-02-16,319.0,Medium,0.0
2023-02-18,144.0,Low,0.0
2023-02-18,288.0,Low,0.0
2023-02-18,480.0,Medium,0.0
2023-02-19,432.0,Medium,0.0
2023-02-21,346.0,Medium,0.0
2023-02-21,369.0,Medium,0.0
2023-02-21,513.0,Medium,0.0
2023-02-22,64.0,Low,0.0
2023-02-22,80.0,Low,0.0
2023-02-22,426.0,Medium,0.0
2023-02-25,91.0,Low,0.0
2023-02-26,76.0,Low,0.0
2023-02-26,126.0,Low,0.0
2023-02-26,129.0,Low,0.0
2023-02-27,6.0,Low,0.0
2023-02-27,66.0,Low,0.0
2023-02-27,76.0,Low,0.0
2023-02-27,105.0,Low,0.0
2023-02-27,126.0,Low,0.0
2023-02-27,203.0,Low,0.0
2023-02-27,384.0,Medium,0.0
2023-02-27,461.0,Medium,0.0
2023-02-28,66.0,Low,0.0
2023-02-28,144.0,Low,0.0
2023-02-28,159.0,Low,0.0
2023-02-28,164.0,Low,0.0
2023-03-01,16.0,Low,0.0
2023-03-01,236.0,Low,0.0
2023-03-01,445.0,Medium,0.0
2023-03-02,37.0,Low,0.0
2023-03-02,140.0,Low,0.0
2023-03-02,188.0,Low,0.0
2023-03-02,216.0,Low,0.0
2023-03-02,283.0,Low,0.0
2023-03-02,299.0,Low,0.0
2023-03-02,343.0,Medium,0.0
2023-03-02,767.0,High,0.0
2023-03-03,301.0,Low,0.0
2023-03-03,324.0,Medium,0.0
2023-03-03,532.0,High,0.0
2023-03-04,4.0,Low,0.0
2023-03-04,42.0,Low,0.0
2023-03-04,50.0,Low,0.0
2023-03-04,61.0,Low,0.0
2023-03-04,76.0,Low,0.0
2023-03-05,3.0,Low,0.0
2023-03-05,268.0,Low,0.0
2023-03-06,530.0,High,0.0
2023-03-07,79.0,Low,0.0
2023-03-07,156.0,Low,0.0
2023-03-07,170.0,Low,0.0
2023-03-07,516.0,High,0.0
2023-03-08,144.0,Low,0.0
2023-03-08,191.0,Low,0.0
2023-03-08,317.0,Medium,0.0
2023-03-08,403.0,Medium,0.0
2023-03-09,168.0,Low,0.0
2023-03-09,228.0,Low,0.0
2023-03-09,249.0,Low,0.0
2023-03-09,432.0,Medium,0.0
2023-03-10,26.0,Low,0.0
2023-03-10,108.0,Low,0.0
2023-03-10,168.0,Low,0.0
2023-03-10,288.0,Low,0.0
2023-03-10,314.0,Medium,0.0
2023-03-11,72.0,Low,0.0
2023-03-11,122.0,Low,0.0
2023-03-11,204.0,Low,0.0
2023-03-12,60.0,Low,0.0
2023-03-12,132.0,Low,0.0
2023-03-13,168.0,Low,0.0
2023-03-13,288.0,Low,0.0
2023-03-13,336.0,Medium,0.0
2023-03-13,384.0,Medium,0.0
2023-03-13,445.0,Medium,0.0
2023-03-14,48.0,Low,0.0
2023-03-15,19.0,Low,0.0
2023-03-15,725.0,High,0.0
2023-03-16,69.0,Low,0.0
2023-03-16,100.0,Low,0.0
2023-03-16,157.0,Low,0.0
2023-03-16,851.0,High,0.0
2023-03-17,98.0,Low,0.0
2023-03-17,101.0,Low,0.0
2023-03-19,144.0,Low,0.0
2023-03-19,216.0,Low,0.0
2023-03-20,306.0,Low,0.0
2023-03-20,402.0,Medium,0.0
2023-03-20,403.0,Medium,0.0
2023-03-20,1166.0,High,0.0
2023-03-21,114.0,Low,0.0
2023-03-21,173.0,Low,0.0
2023-03-21,374.0,Medium,0.0
2023-03-21,461.0,Medium,0.0
2023-03-22,162.0,Low,2.0
2023-03-22,378.0,Medium,2.0
2023-03-23,440.0,Medium,0.0
2023-03-24,342.0,Medium,0.0
2023-03-24,360.0,Medium,0.0
2023-03-25,108.0,Low,0.0
2023-03-25,180.0,Low,0.0
2023-03-26,115.0,Low,0.0
2023-03-26,211.0,Low,0.0
2023-03-26,461.0,Medium,0.0
2023-03-27,122.0,Low,0.0
2023-03-27,185.0,Low,0.0
2023-03-27,483.0,Medium,0.0
2023-03-27,532.0,High,0.0
2023-03-27,617.0,High,0.0
2023-03-28,111.0,Low,2.0
2023-03-28,237.0,Low,2.0
2023-03-28,267.0,Low,2.0
2023-03-28,399.0,Medium,2.0
2023-03-28,654.0,High,2.0
2023-03-29,92.0,Low,1.0
2023-03-29,337.0,Medium,1.0
2023-03-30,155.0,Low,1.0
2023-03-30,330.0,Medium,1.0
2023-03-30,372.0,Medium,1.0
2023-03-30,473.0,Medium,1.0
2023-03-31,36.0,Low,1.0
2023-03-31,62.0,Low,1.0
2023-03-31,313.0,Medium,1.0
2023-03-31,442.0,Medium,1.0
2023-04-01,356.0,Medium,1.0
2023-04-02,17.0,Low,0.0
2023-04-02,295.0,Low,0.0
2023-04-02,300.0,Low,0.0
2023-04-02,460.0,Medium,0.0
2023-04-03,104.0,Low,0.0
2023-04-03,223.0,Low,0.0
2023-04-03,306.0,Low,0.0
2023-04-04,403.0,Medium,2.0
2023-04-05,172.0,Low,2.0
2023-04-05,371.0,Medium,2.0
2023-04-06,129.0,Low,2.0
2023-04-06,153.0,Low,2.0
2023-04-06,249.0,Low,2.0
2023-04-07,148.0,Low,0.0
2023-04-07,186.0,Low,0.0
2023-04-07,277.0,Low,0.0
2023-04-07,299.0,Low,0.0
2023-04-07,375.0,Medium,0.0
2023-04-08,113.0,Low,1.0
2023-04-08,236.0,Low,1.0
2023-04-09,131.0,Low,0.0
2023-04-09,162.0,Low,0.0
2023-04-09,262.0,Low,0.0
2023-04-09,500.0,Medium,0.0
2023-04-10,17.0,Low,0.0
2023-04-10,34.0,Low,0.0
2023-04-10,59.0,Low,0.0
2023-04-10,136.0,Low,0.0
2023-04-10,270.0,Low,0.0
2023-04-11,209.0,Low,2.0
2023-04-11,514.0,High,2.0
2023-04-12,68.0,Low,1.0
2023-04-12,133.0,Low,1.0
2023-04-12,328.0,Medium,1.0
2023-04-13,53.0,Low,1.0
2023-04-13,108.0,Low,1.0
2023-04-13,142.0,Low,1.0
2023-04-13,328.0,Medium,1.0
2023-04-13,350.0,Medium,1.0
2023-04-14,76.0,Low,2.0
2023-04-14,333.0,Medium,2.0
2023-04-14,367.0,Medium,2.0
2023-04-14,513.0,Medium,2.0
2023-04-15,4.0,Low,0.0
2023-04-15,45.0,Low,0.0
2023-04-15,50.0,Low,0.0
2023-04-15,94.0,Low,0.0
2023-04-15,108.0,Low,0.0
2023-04-15,122.0,Low,0.0
2023-04-15,372.0,Medium,0.0
2023-04-16,76.0,Low,0.0
2023-04-16,214.0,Low,0.0
2023-04-16,224.0,Low,0.0
2023-04-16,257.0,Low,0.0
2023-04-16,267.0,Low,0.0
2023-04-17,117.0,Low,2.0
2023-04-17,195.0,Low,2.0
2023-04-17,252.0,Low,2.0
2023-04-17,489.0,Medium,2.0
2023-04-17,768.0,High,2.0
2023-04-18,124.0,Low,2.0
2023-04-18,295.0,Low,2.0
2023-04-18,489.0,Medium,2.0
2023-04-18,518.0,High,2.0
2023-04-18,703.0,High,2.0
2023-04-19,199.0,Low,2.0
2023-04-19,277.0,Low,2.0
2023-04-20,228.0,Low,2.0
2023-04-20,411.0,Medium,2.0
2023-04-20,439.0,Medium,2.0
2023-04-20,621.0,High,2.0
2023-04-20,666.0,High,2.0
2023-04-20,677.0,High,2.0
2023-04-22,162.0,Low,2.0
2023-04-22,389.0,Medium,2.0
2023-04-22,669.0,High,2.0
2023-04-23,315.0,Medium,2.0
2023-04-24,186.0,Low,2.0
2023-04-24,288.0,Low,2.0
2023-04-24,328.0,Medium,2.0
2023-04-24,476.0,Medium,2.0
2023-04-25,181.0,Low,2.0
2023-04-25,197.0,Low,2.0
2023-04-25,403.0,Medium,2.0
2023-04-25,420.0,Medium,2.0
2023-04-26,383.0,Medium,2.0
2023-04-26,611.0,High,2.0
2023-04-28,75.0,Low,2.0
2023-04-28,134.0,Low,2.0
2023-04-28,203.0,Low,2.0
2023-04-29,79.0,Low,0.0
2023-04-29,432.0,Medium,0.0
2023-04-30,53.0,Low,1.0
2023-04-30,112.0,Low,1.0
2023-04-30,221.0,Low,1.0
2023-04-30,721.0,High,1.0
2023-05-01,86.0,Low,2.0
2023-05-01,192.0,Low,2.0
2023-05-01,387.0,Medium,2.0
2023-05-01,486.0,Medium,2.0
2023-05-01,636.0,High,2.0
2023-05-01,742.0,High,2.0
2023-05-02,227.0,Low,2.0
2023-05-02,506.0,Medium,2.0
2023-05-03,168.0,Low,2.0
2023-05-04,385.0,Medium,2.0
2023-05-04,452.0,Medium,2.0
2023-05-04,681.0,High,2.0
2023-05-06,126.0,Low,1.0
2023-05-06,426.0,Medium,1.0
2023-05-06,584.0,High,1.0
2023-05-07,103.0,Low,1.0
2023-05-07,189.0,Low,1.0
2023-05-07,584.0,High,1.0
2023-05-08,118.0,Low,2.0
2023-05-08,629.0,High,2.0
2023-05-08,637.0,High,2.0
2023-05-09,339.0,Medium,1.0
2023-05-09,454.0,Medium,1.0
2023-05-09,489.0,Medium,1.0
2023-05-10,305.0,Low,2.0
2023-05-10,417.0,Medium,2.0
2023-05-10,601.0,High,2.0
2023-05-10,630.0,High,2.0
2023-05-11,37.0,Low,2.0
2023-05-11,443.0,Medium,2.0
2023-05-12,533.0,High,2.0
2023-05-12,606.0,High,2.0
2023-05-13,524.0,High,2.0
2023-05-13,649.0,High,2.0
2023-05-14,323.0,Medium,1.0
2023-05-15,41.0,Low,0.0
2023-05-15,82.0,Low,0.0
2023-05-15,504.0,Medium,0.0
2023-05-16,121.0,Low,2.0
2023-05-16,197.0,Low,2.0
2023-05-16,440.0,Medium,2.0
2023-05-17,132.0,Low,2.0
2023-05-17,446.0,Medium,2.0
2023-05-18,504.0,Medium,2.0
2023-05-19,120.0,Low,2.0
2023-05-19,123.0,Low,2.0
2023-05-19,252.0,Low,2.0
2023-05-19,427.0,Medium,2.0
2023-05-19,492.0,Medium,2.0
2023-05-20,250.0,Low,1.0
2023-05-20,278.0,Low,1.0
2023-05-20,313.0,Medium,1.0
2023-05-20,638.0,High,1.0
2023-05-21,499.0,Medium,1.0
2023-05-22,36.0,Low,0.0
2023-05-22,174.0,Low,0.0
2023-05-22,176.0,Low,0.0
2023-05-22,256.0,Low,0.0
2023-05-22,332.0,Medium,0.0
2023-05-23,63.0,Low,2.0
2023-05-23,442.0,Medium,2.0
2023-05-24,195.0,Low,2.0
2023-05-24,296.0,Low,2.0
2023-05-25,170.0,Low,2.0
2023-05-25,309.0,Medium,2.0
2023-05-25,326.0,Medium,2.0
2023-05-26,70.0,Low,2.0
2023-05-26,137.0,Low,2.0
2023-05-26,343.0,Medium,2.0
2023-05-26,383.0,Medium,2.0
2023-05-26,578.0,High,2.0
2023-05-27,310.0,Medium,2.0
2023-05-27,359.0,Medium,2.0
2023-05-27,429.0,Medium,2.0
2023-05-27,621.0,High,2.0
2023-05-28,262.0,Low,1.0
2023-05-28,278.0,Low,1.0
2023-05-28,406.0,Medium,1.0
2023-05-29,51.0,Low,1.0
2023-05-29,83.0,Low,1.0
2023-05-29,161.0,Low,1.0
2023-05-29,187.0,Low,1.0
2023-05-29,296.0,Low,1.0
2023-05-29,420.0,Medium,1.0
2023-05-29,579.0,High,1.0
2023-05-30,317.0,Medium,2.0
2023-05-30,372.0,Medium,2.0
2023-05-31,367.0,Medium,2.0
2023-05-31,748.0,High,2.0
2023-06-01,193.0,Low,2.0
2023-06-01,307.0,Low,2.0
2023-06-01,691.0,High,2.0
2023-06-02,371.0,Medium,2.0
2023-06-02,371.0,Medium,2.0
2023-06-02,407.0,Medium,2.0
2023-06-03,115.0,Low,2.0
2023-06-03,148.0,Low,2.0
2023-06-03,660.0,High,2.0
2023-06-04,169.0,Low,1.0
2023-06-04,396.0,Medium,1.0
2023-06-04,637.0,High,1.0
2023-06-04,650.0,High,1.0
2023-06-06,294.0,Low,2.0
2023-06-06,396.0,Medium,2.0
2023-06-06,417.0,Medium,2.0
2023-06-07,273.0,Low,2.0
2023-06-07,382.0,Medium,2.0
2023-06-07,661.0,High,2.0
2023-06-08,419.0,Medium,2.0
2023-06-08,462.0,Medium,2.0
2023-06-08,766.0,High,2.0
2023-06-09,365.0,Medium,2.0
2023-06-10,129.0,Low,2.0
2023-06-10,664.0,High,2.0
2023-06-10,690.0,High,2.0
2023-06-11,197.0,Low,1.0
2023-06-11,303.0,Low,1.0
2023-06-11,506.0,Medium,1.0
2023-06-12,131.0,Low,2.0
2023-06-12,529.0,High,2.0
2023-06-12,695.0,High,2.0
2023-06-14,193.0,Low,2.0
2023-06-14,228.0,Low,2.0
2023-06-14,342.0,Medium,2.0
2023-06-14,358.0,Medium,2.0
2023-06-15,187.0,Low,2.0
2023-06-15,268.0,Low,2.0
2023-06-15,338.0,Medium,2.0
2023-06-15,509.0,Medium,2.0
2023-06-16,55.0,Low,1.0
2023-06-16,66.0,Low,1.0
2023-06-17,111.0,Low,2.0
2023-06-17,366.0,Medium,2.0
2023-06-17,662.0,High,2.0
2023-06-18,40.0,Low,1.0
2023-06-18,50.0,Low,1.0
2023-06-18,335.0,Medium,1.0
2023-06-18,356.0,Medium,1.0
2023-06-18,405.0,Medium,1.0
2023-06-18,617.0,High,1.0
2023-06-19,91.0,Low,1.0
2023-06-19,240.0,Low,1.0
2023-06-20,80.0,Low,2.0
2023-06-20,217.0,Low,2.0
2023-06-20,286.0,Low,2.0
2023-06-21,642.0,High,2.0
2023-06-22,656.0,High,2.0
2023-06-23,110.0,Low,2.0
2023-06-23,333.0,Medium,2.0
2023-06-23,335.0,Medium,2.0
2023-06-23,604.0,High,2.0
2023-06-23,724.0,High,2.0
2023-06-24,65.0,Low,2.0
2023-06-24,150.0,Low,2.0
2023-06-24,626.0,High,2.0
2023-06-26,297.0,Low,1.0
2023-06-26,460.0,Medium,1.0
2023-06-27,344.0,Medium,2.0
2023-06-27,405.0,Medium,2.0
2023-06-27,741.0,High,2.0
2023-06-28,546.0,High,2.0
2023-06-28,612.0,High,2.0
2023-06-29,73.0,Low,2.0
2023-06-29,93.0,Low,2.0
2023-06-29,308.0,Low,2.0
2023-06-29,399.0,Medium,2.0
2023-06-30,129.0,Low,2.0
2023-06-30,397.0,Medium,2.0
2023-06-30,783.0,High,2.0
2023-07-01,87.0,Low,1.0
2023-07-01,345.0,Medium,1.0
2023-07-01,383.0,Medium,1.0
2023-07-01,491.0,Medium,1.0
2023-07-01,696.0,High,1.0
2023-07-02,310.0,Medium,1.0
2023-07-02,318.0,Medium,1.0
2023-07-02,487.0,Medium,1.0
2023-07-02,837.0,High,1.0
2023-07-03,301.0,Low,1.0
2023-07-03,501.0,Medium,1.0
2023-07-04,384.0,Medium,2.0
2023-07-04,392.0,Medium,2.0
2023-07-04,634.0,High,2.0
2023-07-04,696.0,High,2.0
2023-07-05,69.0,Low,2.0
2023-07-05,352.0,Medium,2.0
2023-07-06,101.0,Low,2.0
2023-07-06,409.0,Medium,2.0
2023-07-06,551.0,High,2.0
2023-07-07,95.0,Low,2.0
2023-07-07,313.0,Medium,2.0
2023-07-08,113.0,Low,2.0
2023-07-08,327.0,Medium,2.0
2023-07-08,655.0,High,2.0
2023-07-09,275.0,Low,1.0
2023-07-09,332.0,Medium,1.0
2023-07-09,353.0,Medium,1.0
2023-07-09,488.0,Medium,1.0
2023-07-10,109.0,Low,2.0
2023-07-10,337.0,Medium,2.0
2023-07-10,353.0,Medium,2.0
2023-07-10,585.0,High,2.0
2023-07-11,42.0,Low,2.0
2023-07-11,434.0,Medium,2.0
2023-07-12,64.0,Low,2.0
2023-07-12,65.0,Low,2.0
2023-07-12,75.0,Low,2.0
2023-07-13,41.0,Low,2.0
2023-07-13,160.0,Low,2.0
2023-07-13,288.0,Low,2.0
2023-07-13,430.0,Medium,2.0
2023-07-13,576.0,High,2.0
2023-07-14,70.0,Low,2.0
2023-07-14,70.0,Low,2.0
2023-07-14,343.0,Medium,2.0
2023-07-14,502.0,Medium,2.0
2023-07-24,174.0,Low,2.0
2023-07-24,273.0,Low,2.0
2023-07-24,333.0,Medium,2.0
2023-07-24,377.0,Medium,2.0
2023-07-24,442.0,Medium,2.0
2023-07-24,497.0,Medium,2.0
2023-07-24,715.0,High,2.0
2023-07-26,203.0,Low,2.0
2023-07-26,398.0,Medium,2.0
2023-07-27,58.0,Low,2.0
2023-07-27,275.0,Low,2.0
2023-07-27,284.0,Low,2.0
2023-07-27,328.0,Medium,2.0
2023-07-27,505.0,Medium,2.0
2023-07-27,578.0,High,2.0
2023-07-28,231.0,Low,2.0
2023-07-28,238.0,Low,2.0
2023-07-28,322.0,Medium,2.0
2023-07-28,357.0,Medium,2.0
2023-07-28,422.0,Medium,2.0
2023-07-29,64.0,Low,2.0
2023-07-29,80.0,Low,2.0
2023-07-29,151.0,Low,2.0
2023-07-30,299.0,Low,2.0
2023-07-30,639.0,High,2.0
2023-07-31,91.0,Low,1.0
2023-07-31,357.0,Medium,1.0
2023-07-31,482.0,Medium,1.0
2023-08-01,124.0,Low,2.0
2023-08-01,246.0,Low,2.0
2023-08-01,356.0,Medium,2.0
2023-08-01,460.0,Medium,2.0
2023-08-02,139.0,Low,2.0
2023-08-02,244.0,Low,2.0
2023-08-02,396.0,Medium,2.0
2023-08-02,426.0,Medium,2.0
2023-08-02,496.0,Medium,2.0
2023-08-03,76.0,Low,2.0
2023-08-03,331.0,Medium,2.0
2023-08-03,347.0,Medium,2.0
2023-08-03,621.0,High,2.0
2023-08-04,283.0,Low,2.0
2023-08-04,397.0,Medium,2.0
2023-08-05,46.0,Low,2.0
2023-08-05,84.0,Low,2.0
2023-08-05,594.0,High,2.0
2023-08-05,811.0,High,2.0
2023-08-06,270.0,Low,0.0
2023-08-06,297.0,Low,0.0
2023-08-06,508.0,Medium,0.0
2023-08-06,536.0,High,0.0
2023-08-07,46.0,Low,0.0
2023-08-07,111.0,Low,0.0
2023-08-07,140.0,Low,0.0
2023-08-07,241.0,Low,0.0
2023-08-07,574.0,High,0.0
2023-08-08,88.0,Low,2.0
2023-08-08,589.0,High,2.0
2023-08-08,725.0,High,2.0
2023-08-09,59.0,Low,2.0
2023-08-09,438.0,Medium,2.0
2023-08-09,726.0,High,2.0
2023-08-10,148.0,Low,2.0
2023-08-10,193.0,Low,2.0
2023-08-10,284.0,Low,2.0
2023-08-10,292.0,Low,2.0
2023-08-10,545.0,High,2.0
2023-08-11,233.0,Low,2.0
2023-08-13,72.0,Low,1.0
2023-08-13,322.0,Medium,1.0
2023-08-15,26.0,Low,2.0
2023-08-15,614.0,High,2.0
2023-08-16,94.0,Low,2.0
2023-08-16,514.0,High,2.0
2023-08-16,516.0,High,2.0
2023-08-16,523.0,High,2.0
2023-08-17,105.0,Low,2.0
2023-08-17,213.0,Low,2.0
2023-08-17,247.0,Low,2.0
2023-08-17,370.0,Medium,2.0
2023-08-17,539.0,High,2.0
2023-08-18,90.0,Low,2.0
2023-08-18,276.0,Low,2.0
2023-08-18,504.0,Medium,2.0
2023-08-18,636.0,High,2.0
2023-08-19,61.0,Low,2.0
2023-08-20,236.0,Low,1.0
2023-08-20,310.0,Medium,1.0
2023-08-20,569.0,High,1.0
2023-08-21,34.0,Low,2.0
2023-08-21,81.0,Low,2.0
2023-08-21,714.0,High,2.0
2023-08-21,822.0,High,2.0
2023-08-23,96.0,Low,2.0
2023-08-23,225.0,Low,2.0
2023-08-23,273.0,Low,2.0
2023-08-23,280.0,Low,2.0
2023-08-24,61.0,Low,2.0
2023-08-24,234.0,Low,2.0
2023-08-24,382.0,Medium,2.0
2023-08-24,496.0,Medium,2.0
2023-08-24,630.0,High,2.0
2023-08-24,652.0,High,2.0
2023-08-25,340.0,Medium,2.0
2023-08-26,38.0,Low,2.0
2023-08-26,137.0,Low,2.0
2023-08-26,149.0,Low,2.0
2023-08-26,566.0,High,2.0
2023-08-27,31.0,Low,1.0
2023-08-27,180.0,Low,1.0
2023-08-27,322.0,Medium,1.0
2023-08-27,468.0,Medium,1.0
2023-08-27,470.0,Medium,1.0
2023-08-27,581.0,High,1.0
2023-08-28,60.0,Low,1.0
2023-08-28,258.0,Low,1.0
2023-08-28,449.0,Medium,1.0
2023-08-29,93.0,Low,2.0
2023-08-29,579.0,High,2.0
2023-08-30,142.0,Low,2.0
2023-08-30,514.0,High,2.0
2023-08-30,578.0,High,2.0
2023-08-31,92.0,Low,1.0
2023-08-31,142.0,Low,1.0
2023-08-31,244.0,Low,1.0
2023-08-31,762.0,High,1.0
2023-09-01,50.0,Low,2.0
2023-09-02,150.0,Low,1.0
2023-09-02,350.0,Medium,1.0
2023-09-02,479.0,Medium,1.0
2023-09-03,69.0,Low,1.0
2023-09-03,101.0,Low,1.0
2023-09-03,238.0,Low,1.0
2023-09-03,248.0,Low,1.0
2023-09-03,382.0,Medium,1.0
2023-09-03,550.0,High,1.0
2023-09-03,845.0,High,1.0
2023-09-04,48.0,Low,0.0
2023-09-04,62.0,Low,0.0
2023-09-04,176.0,Low,0.0
2023-09-04,193.0,Low,0.0
2023-09-04,343.0,Medium,0.0
2023-09-05,54.0,Low,0.0
2023-09-05,496.0,Medium,0.0
2023-09-05,536.0,High,0.0
2023-09-06,191.0,Low,2.0
2023-09-06,494.0,Medium,2.0
2023-09-06,519.0,High,2.0
2023-09-07,99.0,Low,2.0
2023-09-07,187.0,Low,2.0
2023-09-07,466.0,Medium,2.0
2023-09-08,626.0,High,2.0
2023-09-08,714.0,High,2.0
2023-09-09,113.0,Low,2.0
2023-09-09,139.0,Low,2.0
2023-09-09,260.0,Low,2.0
2023-09-09,377.0,Medium,2.0
2023-09-09,671.0,High,2.0
2023-09-10,229.0,Low,1.0
2023-09-11,155.0,Low,2.0
2023-09-11,164.0,Low,2.0
2023-09-11,174.0,Low,2.0
2023-09-11,261.0,Low,2.0
2023-09-11,370.0,Medium,2.0
2023-09-11,505.0,Medium,2.0
2023-09-13,75.0,Low,2.0
2023-09-13,232.0,Low,2.0
2023-09-14,363.0,Medium,2.0
2023-09-15,519.0,High,1.0
2023-09-16,440.0,Medium,1.0
2023-09-17,930.0,High,0.0
2023-09-18,144.0,Low,0.0
2023-09-18,144.0,Low,0.0
2023-09-18,144.0,Low,0.0
2023-09-18,720.0,High,0.0
2023-09-19,70.0,Low,0.0
2023-09-19,123.0,Low,0.0
2023-09-20,23.0,Low,1.0
2023-09-20,68.0,Low,1.0
2023-09-20,374.0,Medium,1.0
2023-09-20,392.0,Medium,1.0
2023-09-21,337.0,Medium,2.0
2023-09-21,419.0,Medium,2.0
2023-09-22,84.0,Low,1.0
2023-09-22,270.0,Low,1.0
2023-09-22,319.0,Medium,1.0
2023-09-22,398.0,Medium,1.0
2023-09-22,419.0,Medium,1.0
2023-09-22,451.0,Medium,1.0
2023-09-23,96.0,Low,1.0
2023-09-23,101.0,Low,1.0
2023-09-23,117.0,Low,1.0
2023-09-24,81.0,Low,1.0
2023-09-24,256.0,Low,1.0
2023-09-24,341.0,Medium,1.0
2023-09-25,90.0,Low,2.0
2023-09-25,502.0,Medium,2.0
2023-09-26,308.0,Low,2.0
2023-09-26,530.0,High,2.0
2023-09-26,581.0,High,2.0
2023-09-27,406.0,Medium,2.0
2023-09-27,448.0,Medium,2.0
2023-09-28,206.0,Low,2.0
2023-09-28,268.0,Low,2.0
2023-09-28,310.0,Medium,2.0
2023-09-28,580.0,High,2.0
2023-09-29,120.0,Low,1.0
2023-09-29,491.0,Medium,1.0
2023-09-29,576.0,High,1.0
2023-09-30,79.0,Low,0.0
2023-09-30,407.0,Medium,0.0
2023-09-30,423.0,Medium,0.0
2023-10-01,64.0,Low,1.0
2023-10-01,76.0,Low,1.0
2023-10-01,170.0,Low,1.0
2023-10-01,228.0,Low,1.0
2023-10-01,292.0,Low,1.0
2023-10-02,81.0,Low,1.0
2023-10-02,247.0,Low,1.0
2023-10-02,426.0,Medium,1.0
2023-10-03,62.0,Low,1.0
2023-10-03,75.0,Low,1.0
2023-10-03,431.0,Medium,1.0
2023-10-04,102.0,Low,1.0
2023-10-04,116.0,Low,1.0
2023-10-04,345.0,Medium,1.0
2023-10-04,516.0,High,1.0
2023-10-05,395.0,Medium,2.0
2023-10-05,424.0,Medium,2.0
2023-10-05,612.0,High,2.0
2023-10-06,177.0,Low,2.0
2023-10-06,308.0,Low,2.0
2023-10-06,442.0,Medium,2.0
2023-10-07,97.0,Low,0.0
2023-10-07,408.0,Medium,0.0
2023-10-08,219.0,Low,0.0
2023-10-08,294.0,Low,0.0
2023-10-09,28.0,Low,0.0
2023-10-09,53.0,Low,0.0
2023-10-09,219.0,Low,0.0
2023-10-10,136.0,Low,0.0
2023-10-11,39.0,Low,0.0
2023-10-11,337.0,Medium,0.0
2023-10-12,41.0,Low,0.0
2023-10-12,140.0,Low,0.0
2023-10-13,93.0,Low,0.0
2023-10-13,169.0,Low,0.0
2023-10-13,237.0,Low,0.0
2023-10-14,436.0,Medium,2.0
2023-10-14,477.0,Medium,2.0
2023-10-15,114.0,Low,0.0
2023-10-15,237.0,Low,0.0
2023-10-15,251.0,Low,0.0
2023-10-15,300.0,Low,0.0
2023-10-15,430.0,Medium,0.0
2023-10-15,580.0,High,0.0
2023-10-16,672.0,High,2.0
2023-10-17,341.0,Medium,1.0
2023-10-17,425.0,Medium,1.0
2023-10-18,41.0,Low,1.0
2023-10-18,119.0,Low,1.0
2023-10-18,197.0,Low,1.0
2023-10-18,405.0,Medium,1.0
2023-10-19,118.0,Low,1.0
2023-10-19,203.0,Low,1.0
2023-10-19,412.0,Medium,1.0
2023-10-20,67.0,Low,2.0
2023-10-20,218.0,Low,2.0
2023-10-20,599.0,High,2.0
2023-10-20,697.0,High,2.0
2023-10-21,345.0,Medium,2.0
2023-10-21,363.0,Medium,2.0
2023-10-21,467.0,Medium,2.0
2023-10-21,598.0,High,2.0
2023-10-22,73.0,Low,0.0
2023-10-22,245.0,Low,0.0
2023-10-23,537.0,High,1.0
2023-10-24,419.0,Medium,1.0
2023-10-24,586.0,High,1.0
2023-10-25,400.0,Medium,1.0
2023-10-25,439.0,Medium,1.0
2023-10-25,488.0,Medium,1.0
2023-10-25,698.0,High,1.0
2023-10-26,96.0,Low,2.0
2023-10-27,144.0,Low,2.0
2023-10-28,102.0,Low,2.0
2023-10-28,1177.0,High,2.0
2023-10-29,81.0,Low,1.0
2023-10-29,102.0,Low,1.0
2023-10-29,276.0,Low,1.0
2023-10-29,313.0,Medium,1.0
2023-10-29,323.0,Medium,1.0
2023-10-30,74.0,Low,1.0
2023-10-30,550.0,High,1.0
2023-11-02,116.0,Low,0.0
2023-11-02,177.0,Low,0.0
2023-11-03,127.0,Low,1.0
2023-11-03,182.0,Low,1.0
2023-11-03,272.0,Low,1.0
2023-11-03,467.0,Medium,1.0
2023-11-04,303.0,Low,1.0
2023-11-04,342.0,Medium,1.0
2023-11-04,552.0,High,1.0
2023-11-05,66.0,Low,0.0
2023-11-05,144.0,Low,0.0
2023-11-06,71.0,Low,1.0
2023-11-06,312.0,Medium,1.0
2023-11-06,571.0,High,1.0
2023-11-07,108.0,Low,1.0
2023-11-08,102.0,Low,1.0
2023-11-08,348.0,Medium,1.0
2023-11-09,284.0,Low,1.0
2023-11-09,431.0,Medium,1.0
2023-11-10,448.0,Medium,1.0
2023-11-10,569.0,High,1.0
2023-11-10,632.0,High,1.0
2023-11-11,88.0,Low,1.0
2023-11-11,358.0,Medium,1.0
2023-11-11,427.0,Medium,1.0
2023-11-11,455.0,Medium,1.0
2023-11-11,496.0,Medium,1.0
2023-11-11,607.0,High,1.0
2023-11-12,38.0,Low,0.0
2023-11-12,191.0,Low,0.0
2023-11-12,265.0,Low,0.0
2023-11-13,261.0,Low,0.0
2023-11-14,79.0,Low,1.0
2023-11-14,81.0,Low,1.0
2023-11-14,120.0,Low,1.0
2023-11-15,106.0,Low,1.0
2023-11-15,224.0,Low,1.0
2023-11-15,313.0,Medium,1.0
2023-11-16,217.0,Low,1.0
2023-11-16,234.0,Low,1.0
2023-11-16,299.0,Low,1.0
2023-11-16,304.0,Low,1.0
2023-11-17,359.0,Medium,2.0
2023-11-17,435.0,Medium,2.0
2023-11-18,166.0,Low,1.0
2023-11-18,368.0,Medium,1.0
2023-11-18,476.0,Medium,1.0
2023-11-19,211.0,Low,0.0
2023-11-19,293.0,Low,0.0
2023-11-20,113.0,Low,1.0
2023-11-20,564.0,High,1.0
2023-11-21,82.0,Low,0.0
2023-11-21,85.0,Low,0.0
2023-11-21,240.0,Low,0.0
2023-11-22,84.0,Low,1.0
2023-11-22,204.0,Low,1.0
2023-11-22,236.0,Low,1.0
2023-11-22,266.0,Low,1.0
2023-11-22,379.0,Medium,1.0
2023-11-22,398.0,Medium,1.0
2023-11-23,383.0,Medium,1.0
2023-11-23,395.0,Medium,1.0
2023-11-23,442.0,Medium,1.0
2023-11-25,199.0,Low,1.0
2023-11-25,310.0,Medium,1.0
2023-11-25,439.0,Medium,1.0
2023-11-26,57.0,Low,0.0
2023-11-26,66.0,Low,0.0
2023-11-26,168.0,Low,0.0
2023-11-26,205.0,Low,0.0
2023-11-27,211.0,Low,1.0
2023-11-27,481.0,Medium,1.0
2023-11-28,72.0,Low,1.0
2023-11-28,204.0,Low,1.0
2023-11-28,350.0,Medium,1.0
2023-11-28,361.0,Medium,1.0
2023-11-28,369.0,Medium,1.0
2023-11-28,465.0,Medium,1.0
2023-11-29,293.0,Low,1.0
2023-11-29,362.0,Medium,1.0
2023-11-29,444.0,Medium,1.0
2023-11-29,653.0,High,1.0
2023-11-30,48.0,Low,1.0
2023-11-30,97.0,Low,1.0
2023-11-30,451.0,Medium,1.0
2023-11-30,481.0,Medium,1.0
2023-12-01,206.0,Low,1.0
2023-12-01,220.0,Low,1.0
2023-12-01,253.0,Low,1.0
2023-12-02,8.0,Low,0.0
2023-12-02,85.0,Low,0.0
2023-12-02,195.0,Low,0.0
2023-12-02,220.0,Low,0.0
2023-12-02,268.0,Low,0.0
2023-12-03,32.0,Low,0.0
2023-12-03,55.0,Low,0.0
2023-12-03,189.0,Low,0.0
2023-12-03,505.0,Medium,0.0
2023-12-04,563.0,High,0.0
2023-12-05,262.0,Low,1.0
2023-12-05,606.0,High,1.0
2023-12-06,92.0,Low,1.0
2023-12-06,131.0,Low,1.0
2023-12-06,195.0,Low,1.0
2023-12-07,80.0,Low,0.0
2023-12-07,265.0,Low,0.0
2023-12-07,279.0,Low,0.0
2023-12-07,284.0,Low,0.0
2023-12-08,138.0,Low,1.0
2023-12-08,287.0,Low,1.0
2023-12-08,324.0,Medium,1.0
2023-12-08,470.0,Medium,1.0
2023-12-09,273.0,Low,1.0
2023-12-09,329.0,Medium,1.0
2023-12-10,159.0,Low,0.0
2023-12-10,203.0,Low,0.0
2023-12-10,275.0,Low,0.0
2023-12-10,278.0,Low,0.0
2023-12-11,335.0,Medium,0.0
2023-12-11,420.0,Medium,0.0
2023-12-11,641.0,High,0.0
2023-12-12,106.0,Low,1.0
2023-12-13,66.0,Low,1.0
2023-12-13,648.0,High,1.0
2023-12-14,154.0,Low,1.0
2023-12-15,65.0,Low,1.0
2023-12-15,192.0,Low,1.0
2023-12-16,15.0,Low,0.0
2023-12-16,30.0,Low,0.0
2023-12-16,53.0,Low,0.0
2023-12-16,167.0,Low,0.0
2023-12-17,107.0,Low,0.0
2023-12-18,82.0,Low,0.0
2023-12-18,442.0,Medium,0.0
2023-12-19,360.0,Medium,0.0
2023-12-20,139.0,Low,2.0
2023-12-20,303.0,Low,2.0
2023-12-20,353.0,Medium,2.0
2023-12-20,419.0,Medium,2.0
2023-12-21,218.0,Low,2.0
2023-12-21,489.0,Medium,2.0
2023-12-21,578.0,High,2.0
2023-12-22,239.0,Low,1.0
2023-12-22,303.0,Low,1.0
2023-12-22,370.0,Medium,1.0
2023-12-22,456.0,Medium,1.0
2023-12-23,148.0,Low,0.0
2023-12-23,248.0,Low,0.0
2023-12-23,264.0,Low,0.0
2023-12-24,33.0,Low,0.0
2023-12-24,205.0,Low,0.0
2023-12-24,236.0,Low,0.0
2023-12-25,66.0,Low,0.0
2023-12-26,84.0,Low,0.0
2023-12-26,100.0,Low,0.0
2023-12-26,137.0,Low,0.0
2023-12-27,119.0,Low,0.0
2023-12-27,236.0,Low,0.0
2023-12-27,308.0,Low,0.0
2023-12-28,68.0,Low,0.0
2023-12-28,148.0,Low,0.0
2023-12-28,160.0,Low,0.0
2023-12-28,190.0,Low,0.0
2023-12-28,450.0,Medium,0.0
2023-12-29,130.0,Low,0.0
2023-12-30,94.0,Low,0.0
2023-12-30,166.0,Low,0.0
2023-12-30,221.0,Low,0.0
2023-12-30,264.0,Low,0.0
2023-12-30,333.0,Medium,0.0
2023-12-30,433.0,Medium,0.0
2023-12-31,103.0,Low,0.0
2023-12-31,209.0,Low,0.0
2024-01-01,36.0,Low,0.0
2024-01-01,250.0,Low,0.0
2024-01-02,123.0,Low,0.0
2024-01-02,157.0,Low,0.0
2024-01-02,319.0,Medium,0.0
2024-01-03,181.0,Low,0.0
2024-01-03,244.0,Low,0.0
2024-01-03,594.0,High,0.0
2024-01-04,138.0,Low,0.0
2024-01-04,189.0,Low,0.0
2024-01-04,215.0,Low,0.0
2024-01-04,278.0,Low,0.0
2024-01-04,426.0,Medium,0.0
2024-01-05,222.0,Low,0.0
2024-01-05,222.0,Low,0.0
2024-01-05,285.0,Low,0.0
2024-01-05,340.0,Medium,0.0
2024-01-06,39.0,Low,0.0
2024-01-06,46.0,Low,0.0
2024-01-06,52.0,Low,0.0
2024-01-06,190.0,Low,0.0
2024-01-06,236.0,Low,0.0
2024-01-07,49.0,Low,0.0
2024-01-07,187.0,Low,0.0
2024-01-08,51.0,Low,0.0
2024-01-09,11.0,Low,0.0
2024-01-09,278.0,Low,0.0
2024-01-10,119.0,Low,1.0
2024-01-10,227.0,Low,1.0
2024-01-10,274.0,Low,1.0
2024-01-11,100.0,Low,0.0
2024-01-11,135.0,Low,0.0
2024-01-11,374.0,Medium,0.0
2024-01-11,567.0,High,0.0
2024-01-12,46.0,Low,0.0
2024-01-12,77.0,Low,0.0
2024-01-12,232.0,Low,0.0
2024-01-12,353.0,Medium,0.0
2024-01-13,50.0,Low,0.0
2024-01-13,52.0,Low,0.0
2024-01-13,320.0,Medium,0.0
2024-01-13,322.0,Medium,0.0
2024-01-14,248.0,Low,0.0
2024-01-15,16.0,Low,0.0
2024-01-15,46.0,Low,0.0
2024-01-15,77.0,Low,0.0
2024-01-15,269.0,Low,0.0
2024-01-15,333.0,Medium,0.0
2024-01-16,10.0,Low,0.0
2024-01-16,154.0,Low,0.0
2024-01-16,247.0,Low,0.0
2024-01-16,391.0,Medium,0.0
2024-01-17,36.0,Low,0.0
2024-01-17,73.0,Low,0.0
2024-01-17,89.0,Low,0.0
2024-01-17,257.0,Low,0.0
2024-01-17,292.0,Low,0.0
2024-01-18,48.0,Low,1.0
2024-01-18,104.0,Low,1.0
2024-01-18,209.0,Low,1.0
2024-01-18,333.0,Medium,1.0
2024-01-18,540.0,High,1.0
2024-01-19,50.0,Low,1.0
2024-01-19,179.0,Low,1.0
2024-01-19,267.0,Low,1.0
2024-01-19,291.0,Low,1.0
2024-01-20,67.0,Low,0.0
2024-01-20,205.0,Low,0.0
2024-01-20,269.0,Low,0.0
2024-01-20,446.0,Medium,0.0
2024-01-21,66.0,Low,0.0
2024-01-21,108.0,Low,0.0
2024-01-21,230.0,Low,0.0
2024-01-21,281.0,Low,0.0
2024-01-21,307.0,Low,0.0
2024-01-22,82.0,Low,0.0
2024-01-22,316.0,Medium,0.0
2024-01-23,23.0,Low,0.0
2024-01-23,166.0,Low,0.0
2024-01-23,402.0,Medium,0.0
2024-01-24,6.0,Low,0.0
2024-01-24,83.0,Low,0.0
2024-01-24,90.0,Low,0.0
2024-01-25,50.0,Low,0.0
2024-01-25,194.0,Low,0.0
2024-01-25,291.0,Low,0.0
2024-01-25,469.0,Medium,0.0
2024-01-26,19.0,Low,0.0
2024-01-26,66.0,Low,0.0
2024-01-26,249.0,Low,0.0
2024-01-27,14.0,Low,0.0
2024-01-27,35.0,Low,0.0
2024-01-29,47.0,Low,0.0
2024-01-29,61.0,Low,0.0
2024-01-29,95.0,Low,0.0
2024-01-30,66.0,Low,0.0
2024-01-30,203.0,Low,0.0
2024-01-31,117.0,Low,0.0
2024-01-31,421.0,Medium,0.0
2024-02-01,100.0,Low,1.0
2024-02-01,249.0,Low,1.0
2024-02-01,300.0,Low,1.0
2024-02-01,565.0,High,1.0
2024-02-02,305.0,Low,0.0
2024-02-02,348.0,Medium,0.0
2024-02-02,565.0,High,0.0
2024-02-03,142.0,Low,0.0
2024-02-03,145.0,Low,0.0
2024-02-04,255.0,Low,0.0
2024-02-04,355.0,Medium,0.0
2024-02-04,476.0,Medium,0.0
2024-02-05,294.0,Low,0.0
2024-02-05,332.0,Medium,0.0
2024-02-05,333.0,Medium,0.0
2024-02-05,335.0,Medium,0.0
2024-02-06,185.0,Low,0.0
2024-02-06,535.0,High,0.0
2024-02-15,32.0,Low,0.0
2024-02-15,204.0,Low,0.0
2024-02-15,328.0,Medium,0.0
2024-02-16,296.0,Low,0.0
2024-02-17,85.0,Low,0.0
2024-02-17,93.0,Low,0.0
2024-02-17,104.0,Low,0.0
2024-02-17,391.0,Medium,0.0
2024-02-18,116.0,Low,0.0
2024-02-18,205.0,Low,0.0
2024-02-18,472.0,Medium,0.0
2024-02-19,140.0,Low,0.0
2024-02-19,167.0,Low,0.0
2024-02-19,246.0,Low,0.0
2024-02-19,360.0,Medium,0.0
2024-02-20,64.0,Low,0.0
2024-02-20,77.0,Low,0.0
2024-02-20,85.0,Low,0.0
2024-02-20,199.0,Low,0.0
2024-02-21,79.0,Low,0.0
2024-02-21,125.0,Low,0.0
2024-02-21,230.0,Low,0.0
2024-02-21,496.0,Medium,0.0
2024-02-22,122.0,Low,1.0
2024-02-22,295.0,Low,1.0
2024-02-22,419.0,Medium,1.0
2024-02-22,561.0,High,1.0
2024-02-22,686.0,High,1.0
2024-02-23,650.0,High,0.0
2024-02-24,26.0,Low,0.0
2024-02-24,54.0,Low,0.0
2024-02-24,72.0,Low,0.0
2024-02-24,102.0,Low,0.0
2024-02-24,183.0,Low,0.0
2024-02-25,23.0,Low,0.0
2024-02-25,33.0,Low,0.0
2024-02-25,126.0,Low,0.0
2024-02-25,353.0,Medium,0.0
2024-02-27,745.0,High,2.0
2024-02-27,922.0,High,2.0
2024-02-28,24.0,Low,2.0
2024-02-28,288.0,Low,2.0
2024-02-29,10.0,Low,2.0
2024-02-29,368.0,Medium,2.0
2024-02-29,994.0,High,2.0
2024-03-01,109.0,Low,0.0
2024-03-01,274.0,Low,0.0
2024-03-01,361.0,Medium,0.0
2024-03-01,469.0,Medium,0.0
2024-03-02,354.0,Medium,1.0
2024-03-02,401.0,Medium,1.0
2024-03-02,441.0,Medium,1.0
2024-03-03,125.0,Low,1.0
2024-03-03,248.0,Low,1.0
2024-03-04,75.0,Low,0.0
2024-03-04,303.0,Low,0.0
2024-03-04,464.0,Medium,0.0
2024-03-05,103.0,Low,2.0
2024-03-05,114.0,Low,2.0
2024-03-05,372.0,Medium,2.0
2024-03-05,412.0,Medium,2.0
2024-03-06,63.0,Low,0.0
2024-03-06,261.0,Low,0.0
2024-03-06,270.0,Low,0.0
2024-03-06,418.0,Medium,0.0
2024-03-06,630.0,High,0.0
2024-03-07,114.0,Low,0.0
2024-03-07,202.0,Low,0.0
2024-03-08,130.0,Low,1.0
2024-03-08,327.0,Medium,1.0
2024-03-08,616.0,High,1.0
2024-03-09,416.0,Medium,0.0
2024-03-09,625.0,High,0.0
2024-03-11,296.0,Low,0.0
2024-03-12,86.0,Low,0.0
2024-03-12,274.0,Low,0.0
2024-03-12,327.0,Medium,0.0
2024-03-12,364.0,Medium,0.0
2024-03-12,430.0,Medium,0.0
2024-03-12,450.0,Medium,0.0
2024-03-12,534.0,High,0.0
2024-03-12,585.0,High,0.0
2024-03-13,302.0,Low,0.0
2024-03-14,20.0,Low,0.0
2024-03-15,220.0,Low,1.0
2024-03-16,111.0,Low,1.0
2024-03-16,228.0,Low,1.0
2024-03-16,236.0,Low,1.0
2024-03-16,432.0,Medium,1.0
2024-03-17,120.0,Low,1.0
2024-03-17,245.0,Low,1.0
2024-03-17,338.0,Medium,1.0
2024-03-18,119.0,Low,2.0
2024-03-18,377.0,Medium,2.0
2024-03-18,404.0,Medium,2.0
2024-03-18,511.0,Medium,2.0
2024-03-18,638.0,High,2.0
2024-03-19,101.0,Low,1.0
2024-03-20,203.0,Low,2.0
2024-03-20,501.0,Medium,2.0
2024-04-02,55.0,Low,0.0
2024-04-02,55.0,Low,0.0
2024-04-02,152.0,Low,0.0
2024-04-02,208.0,Low,0.0
2024-04-02,224.0,Low,0.0
2024-04-02,275.0,Low,0.0
2024-04-02,411.0,Medium,0.0
2024-04-04,92.0,Low,2.0
2024-04-04,311.0,Medium,2.0
2024-04-04,350.0,Medium,2.0
2024-04-05,310.0,Medium,2.0
2024-04-05,331.0,Medium,2.0
2024-04-05,486.0,Medium,2.0
2024-04-05,652.0,High,2.0
2024-04-06,31.0,Low,1.0
2024-04-06,74.0,Low,1.0
2024-04-06,258.0,Low,1.0
2024-04-06,320.0,Medium,1.0
2024-04-06,322.0,Medium,1.0
2024-04-07,13.0,Low,0.0
2024-04-07,36.0,Low,0.0
2024-04-07,112.0,Low,0.0
2024-04-07,253.0,Low,0.0
2024-04-07,435.0,Medium,0.0
2024-04-07,535.0,High,0.0
2024-04-08,103.0,Low,1.0
2024-04-08,374.0,Medium,1.0
2024-04-08,560.0,High,1.0
2024-04-09,59.0,Low,1.0
2024-04-09,566.0,High,1.0
2024-04-09,575.0,High,1.0
2024-04-09,605.0,High,1.0
2024-04-09,664.0,High,1.0
2024-04-10,377.0,Medium,2.0
2024-04-11,146.0,Low,1.0
2024-04-11,164.0,Low,1.0
2024-04-11,248.0,Low,1.0
2024-04-11,382.0,Medium,1.0
2024-04-11,426.0,Medium,1.0
2024-04-12,248.0,Low,1.0
2024-04-12,393.0,Medium,1.0
2024-04-13,297.0,Low,1.0
2024-04-13,344.0,Medium,1.0
2024-04-13,360.0,Medium,1.0
2024-04-13,513.0,Medium,1.0
2024-04-14,312.0,Medium,1.0
2024-04-15,86.0,Low,1.0
2024-04-15,179.0,Low,1.0
2024-04-15,430.0,Medium,1.0
2024-04-15,614.0,High,1.0
2024-04-16,116.0,Low,1.0
2024-04-16,386.0,Medium,1.0
2024-04-16,406.0,Medium,1.0
2024-04-16,537.0,High,1.0
2024-04-17,175.0,Low,2.0
2024-04-17,290.0,Low,2.0
2024-04-17,597.0,High,2.0
2024-04-18,142.0,Low,2.0
2024-04-18,208.0,Low,2.0
2024-04-18,433.0,Medium,2.0
2024-04-18,552.0,High,2.0
2024-04-18,560.0,High,2.0
2024-04-19,508.0,Medium,2.0
2024-04-20,103.0,Low,2.0
2024-04-20,240.0,Low,2.0
2024-04-20,531.0,High,2.0
2024-04-21,413.0,Medium,2.0
2024-04-21,620.0,High,2.0
2024-04-22,113.0,Low,1.0
2024-04-22,211.0,Low,1.0
2024-04-22,388.0,Medium,1.0
2024-04-22,425.0,Medium,1.0
2024-04-22,573.0,High,1.0
2024-04-23,251.0,Low,1.0
2024-04-23,316.0,Medium,1.0
2024-04-23,517.0,High,1.0
2024-04-24,112.0,Low,1.0
2024-04-24,133.0,Low,1.0
2024-04-24,428.0,Medium,1.0
2024-04-25,124.0,Low,1.0
2024-04-25,660.0,High,1.0
2024-04-26,56.0,Low,2.0
2024-04-26,62.0,Low,2.0
2024-04-26,281.0,Low,2.0
2024-04-26,346.0,Medium,2.0
2024-04-27,40.0,Low,0.0
2024-04-27,46.0,Low,0.0
2024-04-27,81.0,Low,0.0
2024-04-27,161.0,Low,0.0
2024-04-28,50.0,Low,0.0
2024-04-28,78.0,Low,0.0
2024-04-28,88.0,Low,0.0
2024-04-28,149.0,Low,0.0
2024-04-30,100.0,Low,2.0
2024-04-30,108.0,Low,2.0
2024-04-30,635.0,High,2.0
2024-05-01,94.0,Low,2.0
2024-05-01,386.0,Medium,2.0
2024-05-01,391.0,Medium,2.0
2024-05-01,543.0,High,2.0
2024-05-01,547.0,High,2.0
2024-05-02,32.0,Low,2.0
2024-05-02,300.0,Low,2.0
2024-05-02,632.0,High,2.0
2024-05-03,108.0,Low,2.0
2024-05-03,219.0,Low,2.0
2024-05-03,248.0,Low,2.0
2024-05-03,572.0,High,2.0
2024-05-04,104.0,Low,2.0
2024-05-05,115.0,Low,1.0
2024-05-05,369.0,Medium,1.0
2024-05-06,228.0,Low,2.0
2024-05-06,346.0,Medium,2.0
2024-05-06,441.0,Medium,2.0
2024-05-06,577.0,High,2.0
2024-05-07,58.0,Low,2.0
2024-05-07,553.0,High,2.0
2024-05-07,578.0,High,2.0
2024-05-08,357.0,Medium,2.0
2024-05-08,427.0,Medium,2.0
2024-05-08,639.0,High,2.0
2024-05-09,154.0,Low,2.0
2024-05-09,679.0,High,2.0
2024-05-10,156.0,Low,2.0
2024-05-10,429.0,Medium,2.0
2024-05-10,674.0,High,2.0
2024-05-11,403.0,Medium,2.0
2024-05-11,491.0,Medium,2.0
2024-05-11,841.0,High,2.0
2024-05-12,55.0,Low,1.0
2024-05-12,488.0,Medium,1.0
2024-05-13,102.0,Low,2.0
2024-05-14,76.0,Low,2.0
2024-05-14,700.0,High,2.0
2024-05-14,707.0,High,2.0
2024-05-15,57.0,Low,1.0
2024-05-15,105.0,Low,1.0
2024-05-15,171.0,Low,1.0
2024-05-15,341.0,Medium,1.0
2024-05-15,477.0,Medium,1.0
2024-05-16,110.0,Low,2.0
2024-05-17,48.0,Low,2.0
2024-05-17,100.0,Low,2.0
2024-05-17,173.0,Low,2.0
2024-05-17,258.0,Low,2.0
2024-05-17,290.0,Low,2.0
2024-05-18,85.0,Low,1.0
2024-05-18,107.0,Low,1.0
2024-05-18,418.0,Medium,1.0
2024-05-18,563.0,High,1.0
2024-05-19,66.0,Low,1.0
2024-05-19,191.0,Low,1.0
2024-05-20,96.0,Low,0.0
2024-05-20,195.0,Low,0.0
2024-05-20,203.0,Low,0.0
2024-05-20,456.0,Medium,0.0
2024-05-20,469.0,Medium,0.0
2024-05-21,119.0,Low,2.0
2024-05-21,219.0,Low,2.0
2024-05-22,340.0,Medium,2.0
2024-05-22,557.0,High,2.0
2024-05-23,219.0,Low,2.0
2024-05-23,477.0,Medium,2.0
2024-05-23,693.0,High,2.0
2024-05-23,715.0,High,2.0
2024-05-24,76.0,Low,2.0
2024-05-24,98.0,Low,2.0
2024-05-24,482.0,Medium,2.0
2024-05-25,147.0,Low,2.0
2024-05-25,593.0,High,2.0
2024-05-26,201.0,Low,1.0
2024-05-26,256.0,Low,1.0
2024-05-26,616.0,High,1.0
2024-05-27,60.0,Low,2.0
2024-05-28,89.0,Low,2.0
2024-05-29,233.0,Low,2.0
2024-05-29,350.0,Medium,2.0
2024-05-31,52.0,Low,2.0
2024-05-31,290.0,Low,2.0
2024-05-31,414.0,Medium,2.0
2024-05-31,626.0,High,2.0
2024-06-01,34.0,Low,0.0
2024-06-02,57.0,Low,0.0
2024-06-02,375.0,Medium,0.0
2024-06-04,42.0,Low,2.0
2024-06-04,217.0,Low,2.0
2024-06-04,605.0,High,2.0
2024-06-04,663.0,High,2.0
2024-06-04,898.0,High,2.0
2024-06-05,720.0,High,2.0
2024-06-06,95.0,Low,2.0
2024-06-06,148.0,Low,2.0
2024-06-06,196.0,Low,2.0
2024-06-06,625.0,High,2.0
2024-06-06,717.0,High,2.0
2024-06-07,111.0,Low,2.0
2024-06-07,399.0,Medium,2.0
2024-06-08,602.0,High,2.0
2024-06-08,638.0,High,2.0
2024-06-09,603.0,High,1.0
2024-06-10,234.0,Low,2.0
2024-06-10,283.0,Low,2.0
2024-06-10,698.0,High,2.0
2024-06-11,352.0,Medium,2.0
2024-06-12,239.0,Low,2.0
2024-06-12,592.0,High,2.0
2024-06-13,77.0,Low,2.0
2024-06-13,163.0,Low,2.0
2024-06-13,464.0,Medium,2.0
2024-06-13,656.0,High,2.0
2024-06-13,678.0,High,2.0
2024-06-14,274.0,Low,2.0
2024-06-14,617.0,High,2.0
2024-06-15,40.0,Low,2.0
2024-06-15,261.0,Low,2.0
2024-06-17,85.0,Low,2.0
2024-06-17,388.0,Medium,2.0
2024-06-17,538.0,High,2.0
2024-06-18,436.0,Medium,2.0
2024-06-18,508.0,Medium,2.0
2024-06-19,77.0,Low,2.0
2024-06-19,103.0,Low,2.0
2024-06-19,218.0,Low,2.0
2024-06-19,283.0,Low,2.0
2024-06-19,347.0,Medium,2.0
2024-06-19,419.0,Medium,2.0
2024-06-20,112.0,Low,2.0
2024-06-21,132.0,Low,0.0
2024-06-21,264.0,Low,0.0
2024-06-21,324.0,Medium,0.0
2024-06-21,367.0,Medium,0.0
2024-06-22,184.0,Low,2.0
2024-06-22,263.0,Low,2.0
2024-06-22,631.0,High,2.0
2024-06-22,729.0,High,2.0
2024-06-23,62.0,Low,2.0
2024-06-23,69.0,Low,2.0
2024-06-23,80.0,Low,2.0
2024-06-23,232.0,Low,2.0
2024-06-23,258.0,Low,2.0
2024-06-24,82.0,Low,2.0
2024-06-24,549.0,High,2.0
2024-06-25,228.0,Low,2.0
2024-06-25,400.0,Medium,2.0
2024-06-25,743.0,High,2.0
2024-06-25,893.0,High,2.0
2024-06-26,115.0,Low,2.0
2024-06-26,134.0,Low,2.0
2024-06-26,216.0,Low,2.0
2024-06-26,713.0,High,2.0
2024-06-27,94.0,Low,2.0
2024-06-28,68.0,Low,1.0
2024-06-28,235.0,Low,1.0
2024-06-28,326.0,Medium,1.0
2024-06-28,493.0,Medium,1.0
2024-06-29,19.0,Low,0.0
2024-06-29,29.0,Low,0.0
2024-06-29,154.0,Low,0.0
2024-07-08,109.0,Low,2.0
2024-07-08,302.0,Low,2.0
2024-07-08,540.0,High,2.0
2024-07-09,209.0,Low,2.0
2024-07-10,321.0,Medium,2.0
2024-07-10,761.0,High,2.0
2024-07-11,138.0,Low,2.0
2024-07-11,336.0,Medium,2.0
2024-07-11,845.0,High,2.0
2024-07-12,44.0,Low,2.0
2024-07-13,137.0,Low,2.0
2024-07-13,404.0,Medium,2.0
2024-07-14,46.0,Low,1.0
2024-07-14,297.0,Low,1.0
2024-07-14,646.0,High,1.0
2024-07-15,42.0,Low,2.0
2024-07-15,152.0,Low,2.0
2024-07-15,360.0,Medium,2.0
2024-07-15,368.0,Medium,2.0
2024-07-15,608.0,High,2.0
2024-07-16,270.0,Low,2.0
2024-07-16,318.0,Medium,2.0
2024-07-17,385.0,Medium,2.0
2024-07-18,129.0,Low,2.0
2024-07-18,165.0,Low,2.0
2024-07-18,166.0,Low,2.0
2024-07-19,104.0,Low,2.0
2024-07-19,170.0,Low,2.0
2024-07-20,80.0,Low,2.0
2024-07-20,160.0,Low,2.0
2024-07-20,499.0,Medium,2.0
2024-07-21,109.0,Low,1.0
2024-07-21,118.0,Low,1.0
2024-07-21,230.0,Low,1.0
2024-07-21,254.0,Low,1.0
2024-07-21,307.0,Low,1.0
2024-07-21,443.0,Medium,1.0
2024-07-22,185.0,Low,2.0
2024-07-22,299.0,Low,2.0
2024-07-22,419.0,Medium,2.0
2024-07-22,595.0,High,2.0
2024-07-23,360.0,Medium,2.0
2024-07-23,440.0,Medium,2.0
2024-07-23,723.0,High,2.0
2024-07-24,123.0,Low,2.0
2024-07-24,254.0,Low,2.0
2024-07-24,508.0,Medium,2.0
2024-07-24,563.0,High,2.0
2024-07-25,343.0,Medium,2.0
2024-07-25,429.0,Medium,2.0
2024-07-25,638.0,High,2.0
2024-07-26,162.0,Low,2.0
2024-07-26,281.0,Low,2.0
2024-07-26,413.0,Medium,2.0
2024-07-26,655.0,High,2.0
2024-07-27,125.0,Low,2.0
2024-07-27,262.0,Low,2.0
2024-07-27,281.0,Low,2.0
2024-07-27,694.0,High,2.0
2024-07-28,285.0,Low,0.0
2024-07-28,313.0,Medium,0.0
2024-07-28,380.0,Medium,0.0
2024-07-28,406.0,Medium,0.0
2024-07-28,605.0,High,0.0
2024-07-29,76.0,Low,2.0
2024-07-29,298.0,Low,2.0
2024-07-29,633.0,High,2.0
2024-07-30,633.0,High,2.0
2024-07-31,132.0,Low,2.0
2024-07-31,156.0,Low,2.0
2024-07-31,207.0,Low,2.0
2024-08-01,205.0,Low,2.0
2024-08-01,408.0,Medium,2.0
2024-08-01,570.0,High,2.0
2024-08-01,604.0,High,2.0
2024-08-01,711.0,High,2.0
2024-08-02,434.0,Medium,2.0
2024-08-02,539.0,High,2.0
2024-08-12,297.0,Low,2.0
2024-08-12,333.0,Medium,2.0
2024-08-12,526.0,High,2.0
2024-08-13,261.0,Low,2.0
2024-08-13,636.0,High,2.0
2024-08-14,194.0,Low,2.0
2024-08-14,677.0,High,2.0
2024-08-15,718.0,High,2.0
2024-08-16,93.0,Low,2.0
2024-08-16,507.0,Medium,2.0
2024-08-17,475.0,Medium,2.0
2024-08-17,556.0,High,2.0
2024-08-18,144.0,Low,1.0
2024-08-18,176.0,Low,1.0
2024-08-18,353.0,Medium,1.0
2024-08-19,246.0,Low,2.0
2024-08-19,397.0,Medium,2.0
2024-08-19,407.0,Medium,2.0
2024-08-19,641.0,High,2.0
2024-08-20,132.0,Low,2.0
2024-08-20,403.0,Medium,2.0
2024-08-21,472.0,Medium,2.0
2024-08-22,186.0,Low,2.0
2024-08-22,410.0,Medium,2.0
2024-08-22,441.0,Medium,2.0
2024-08-22,570.0,High,2.0
2024-08-23,113.0,Low,2.0
2024-08-23,128.0,Low,2.0
2024-08-23,141.0,Low,2.0
2024-08-23,178.0,Low,2.0
2024-08-23,349.0,Medium,2.0
2024-08-24,179.0,Low,1.0
2024-08-25,171.0,Low,1.0
2024-08-25,261.0,Low,1.0
2024-08-25,330.0,Medium,1.0
2024-08-25,486.0,Medium,1.0
2024-08-26,94.0,Low,2.0
2024-08-26,188.0,Low,2.0
2024-08-26,520.0,High,2.0
2024-08-26,601.0,High,2.0
2024-08-27,120.0,Low,2.0
2024-08-27,157.0,Low,2.0
2024-08-27,213.0,Low,2.0
2024-08-27,347.0,Medium,2.0
2024-08-27,440.0,Medium,2.0
2024-08-28,300.0,Low,2.0
2024-08-28,527.0,High,2.0
2024-08-28,615.0,High,2.0
2024-08-28,754.0,High,2.0
2024-08-30,261.0,Low,0.0
2024-09-04,228.0,Low,2.0
2024-09-05,213.0,Low,2.0
2024-09-05,229.0,Low,2.0
2024-09-05,490.0,Medium,2.0
2024-09-06,62.0,Low,1.0
2024-09-06,124.0,Low,1.0
2024-09-06,314.0,Medium,1.0
2024-09-06,550.0,High,1.0
2024-09-06,658.0,High,1.0
2024-09-07,202.0,Low,1.0
2024-09-08,196.0,Low,1.0
2024-09-08,247.0,Low,1.0
2024-09-08,268.0,Low,1.0
2024-09-08,402.0,Medium,1.0
2024-09-08,610.0,High,1.0
2024-09-09,229.0,Low,1.0
2024-09-09,417.0,Medium,1.0
2024-09-10,199.0,Low,2.0
2024-09-10,468.0,Medium,2.0
2024-09-11,168.0,Low,2.0
2024-09-11,212.0,Low,2.0
2024-09-11,266.0,Low,2.0
2024-09-11,326.0,Medium,2.0
2024-09-11,477.0,Medium,2.0
2024-09-11,526.0,High,2.0
2024-09-12,86.0,Low,2.0
2024-09-12,155.0,Low,2.0
2024-09-12,187.0,Low,2.0
2024-09-12,374.0,Medium,2.0
2024-09-12,490.0,Medium,2.0
2024-09-13,48.0,Low,0.0
2024-09-13,66.0,Low,0.0
2024-09-13,144.0,Low,0.0
2024-09-14,211.0,Low,0.0
2024-09-16,378.0,Medium,0.0
2024-09-17,576.0,High,0.0
2024-09-18,288.0,Low,2.0
2024-09-18,453.0,Medium,2.0
2024-09-19,275.0,Low,2.0
2024-09-19,544.0,High,2.0
2024-09-20,221.0,Low,2.0
2024-09-20,248.0,Low,2.0
2024-09-21,229.0,Low,2.0
2024-09-21,250.0,Low,2.0
2024-09-21,447.0,Medium,2.0
2024-09-22,187.0,Low,2.0
2024-09-22,423.0,Medium,2.0
2024-09-23,141.0,Low,2.0
2024-09-23,189.0,Low,2.0
2024-09-23,317.0,Medium,2.0
2024-09-24,44.0,Low,1.0
2024-09-24,75.0,Low,1.0
2024-09-24,94.0,Low,1.0
2024-09-24,344.0,Medium,1.0
2024-09-24,376.0,Medium,1.0
2024-09-25,174.0,Low,1.0
2024-09-25,234.0,Low,1.0
2024-09-25,338.0,Medium,1.0
2024-09-25,576.0,High,1.0
2024-09-26,105.0,Low,2.0
2024-09-26,192.0,Low,2.0
2024-09-26,565.0,High,2.0
2024-09-27,61.0,Low,0.0
2024-09-27,175.0,Low,0.0
2024-10-01,127.0,Low,1.0
2024-10-01,506.0,Medium,1.0
2024-10-02,78.0,Low,1.0
2024-10-02,445.0,Medium,1.0
2024-10-03,77.0,Low,1.0
2024-10-03,100.0,Low,1.0
2024-10-03,331.0,Medium,1.0
2024-10-03,453.0,Medium,1.0
2024-10-04,497.0,Medium,2.0
2024-10-04,585.0,High,2.0
2024-10-04,653.0,High,2.0
2024-10-05,125.0,Low,1.0
2024-10-05,373.0,Medium,1.0
2024-10-07,6.0,Low,0.0
2024-10-07,198.0,Low,0.0
2024-10-07,354.0,Medium,0.0
2024-10-08,176.0,Low,0.0
2024-10-08,288.0,Low,0.0
2024-10-08,288.0,Low,0.0
2024-10-09,298.0,Low,0.0
2024-10-10,176.0,Low,1.0
2024-10-10,258.0,Low,1.0
2024-10-10,491.0,Medium,1.0
2024-10-11,133.0,Low,2.0
2024-10-11,532.0,High,2.0
2024-10-12,129.0,Low,2.0
2024-10-12,169.0,Low,2.0
2024-10-12,253.0,Low,2.0
2024-10-12,304.0,Low,2.0
2024-10-12,304.0,Low,2.0
2024-10-12,465.0,Medium,2.0
2024-10-13,127.0,Low,2.0
2024-10-13,320.0,Medium,2.0
2024-10-14,85.0,Low,1.0
2024-10-14,114.0,Low,1.0
2024-10-14,182.0,Low,1.0
2024-10-14,346.0,Medium,1.0
2024-10-15,108.0,Low,1.0
2024-10-15,303.0,Low,1.0
2024-10-15,333.0,Medium,1.0
2024-10-15,360.0,Medium,1.0
2024-10-15,418.0,Medium,1.0
2024-10-15,526.0,High,1.0
2024-10-15,706.0,High,1.0
2024-10-16,210.0,Low,1.0
2024-10-17,75.0,Low,1.0
2024-10-17,109.0,Low,1.0
2024-10-17,152.0,Low,1.0
2024-10-17,477.0,Medium,1.0
2024-10-17,565.0,High,1.0
2024-10-18,119.0,Low,0.0
2024-10-18,134.0,Low,0.0
2024-10-18,179.0,Low,0.0
2024-10-18,204.0,Low,0.0
2024-10-18,273.0,Low,0.0
2024-10-18,278.0,Low,0.0
2024-10-18,293.0,Low,0.0
2024-10-18,313.0,Medium,0.0
2024-10-19,54.0,Low,0.0
2024-10-19,59.0,Low,0.0
2024-10-19,177.0,Low,0.0
2024-10-19,266.0,Low,0.0
2024-10-19,373.0,Medium,0.0
2024-10-20,205.0,Low,0.0
2024-10-20,216.0,Low,0.0
2024-10-21,87.0,Low,0.0
2024-10-21,219.0,Low,0.0
2024-10-21,534.0,High,0.0
2024-10-22,76.0,Low,0.0
2024-10-22,318.0,Medium,0.0
2024-10-23,179.0,Low,0.0
2024-10-23,285.0,Low,0.0
2024-10-23,459.0,Medium,0.0
2024-11-01,198.0,Low,2.0
2024-11-01,374.0,Medium,2.0
2024-11-02,135.0,Low,1.0
2024-11-02,153.0,Low,1.0
2024-11-02,213.0,Low,1.0
2024-11-02,539.0,High,1.0
2024-11-02,547.0,High,1.0
2024-11-02,573.0,High,1.0
2024-11-04,116.0,Low,0.0
2024-11-05,156.0,Low,0.0
2024-11-06,78.0,Low,1.0
2024-11-06,175.0,Low,1.0
2024-11-06,587.0,High,1.0
2024-11-06,616.0,High,1.0
2024-11-07,144.0,Low,1.0
2024-11-07,283.0,Low,1.0
2024-11-07,308.0,Low,1.0
2024-11-07,366.0,Medium,1.0
2024-11-08,157.0,Low,2.0
2024-11-08,499.0,Medium,2.0
2024-11-09,434.0,Medium,2.0
2024-11-09,474.0,Medium,2.0
2024-11-10,170.0,Low,0.0
2024-11-11,475.0,Medium,0.0
2024-11-12,155.0,Low,0.0
2024-11-12,351.0,Medium,0.0
2024-11-12,363.0,Medium,0.0
2024-11-12,396.0,Medium,0.0
2024-11-13,128.0,Low,0.0
2024-11-13,165.0,Low,0.0
2024-11-13,198.0,Low,0.0
2024-11-13,208.0,Low,0.0
2024-11-13,323.0,Medium,0.0
2024-11-14,50.0,Low,0.0
2024-11-14,169.0,Low,0.0
2024-11-14,175.0,Low,0.0
2024-11-15,252.0,Low,2.0
2024-11-15,292.0,Low,2.0
2024-11-15,352.0,Medium,2.0
2024-11-15,432.0,Medium,2.0
2024-11-15,737.0,High,2.0
2024-11-16,324.0,Medium,2.0
2024-11-16,724.0,High,2.0
2024-11-16,743.0,High,2.0
2024-11-17,346.0,Medium,2.0
2024-11-17,355.0,Medium,2.0
2024-11-18,438.0,Medium,0.0
2024-11-19,266.0,Low,2.0
2024-11-19,477.0,Medium,2.0
2024-11-20,288.0,Low,2.0
2024-11-20,288.0,Low,2.0
2024-11-20,576.0,High,2.0
2024-11-20,1008.0,High,2.0
2024-11-21,239.0,Low,2.0
2024-11-21,988.0,High,2.0
2024-11-21,1387.0,High,2.0
2024-11-21,1427.0,High,2.0
2024-11-22,877.0,High,2.0
2024-12-02,85.0,Low,0.0
2024-12-02,105.0,Low,0.0
2024-12-02,164.0,Low,0.0
2024-12-02,255.0,Low,0.0
2024-12-02,295.0,Low,0.0
2024-12-02,314.0,Medium,0.0
2024-12-02,432.0,Medium,0.0
2024-12-02,478.0,Medium,0.0
2024-12-03,192.0,Low,2.0
2024-12-03,294.0,Low,2.0
2024-12-04,174.0,Low,2.0
2024-12-04,190.0,Low,2.0
2024-12-04,279.0,Low,2.0
2024-12-04,599.0,High,2.0
2024-12-04,677.0,High,2.0
2024-12-05,194.0,Low,2.0
2024-12-05,414.0,Medium,2.0
2024-12-05,468.0,Medium,2.0
2024-12-05,512.0,Medium,2.0
2024-12-05,786.0,High,2.0
2024-12-06,722.0,High,2.0
2024-12-07,149.0,Low,2.0
2024-12-07,212.0,Low,2.0
2024-12-07,303.0,Low,2.0
2024-12-07,315.0,Medium,2.0
2024-12-07,315.0,Medium,2.0
2024-12-07,688.0,High,2.0
2024-12-09,30.0,Low,0.0
2024-12-09,48.0,Low,0.0
2024-12-09,54.0,Low,0.0
2024-12-09,258.0,Low,0.0
2024-12-09,330.0,Medium,0.0
2024-12-10,119.0,Low,2.0
2024-12-10,133.0,Low,2.0
2024-12-10,809.0,High,2.0
2024-12-11,91.0,Low,2.0
2024-12-11,584.0,High,2.0
2024-12-12,281.0,Low,2.0
2024-12-12,432.0,Medium,2.0
2024-12-12,559.0,High,2.0
2024-12-12,999.0,High,2.0
2024-12-12,1211.0,High,2.0
2024-12-13,333.0,Medium,2.0
2024-12-13,493.0,Medium,2.0
2024-12-13,515.0,High,2.0
2024-12-13,644.0,High,2.0
2024-12-14,229.0,Low,2.0
2024-12-14,273.0,Low,2.0
2024-12-14,352.0,Medium,2.0
2024-12-14,728.0,High,2.0
2024-12-15,227.0,Low,1.0
2024-12-15,731.0,High,1.0
2024-12-16,286.0,Low,2.0
2024-12-16,336.0,Medium,2.0
2024-12-17,167.0,Low,2.0
2024-12-17,578.0,High,2.0
2024-12-17,823.0,High,2.0
2024-12-18,267.0,Low,2.0
2024-12-18,709.0,High,2.0
2024-12-19,149.0,Low,2.0
2024-12-19,283.0,Low,2.0
2024-12-19,652.0,High,2.0
2024-12-19,930.0,High,2.0
2024-12-20,29.0,Low,0.0
2024-12-20,77.0,Low,0.0
2024-12-20,125.0,Low,0.0
2024-12-20,298.0,Low,0.0
2024-12-20,442.0,Medium,0.0
2024-12-21,125.0,Low,0.0
2024-12-21,415.0,Medium,0.0
2024-12-22,225.0,Low,0.0
2024-12-22,273.0,Low,0.0
2024-12-22,351.0,Medium,0.0
2024-12-22,563.0,High,0.0
2024-12-23,36.0,Low,0.0
2024-12-23,333.0,Medium,0.0
2024-12-23,373.0,Medium,0.0
2024-12-24,211.0,Low,0.0
2024-12-24,395.0,Medium,0.0
2024-12-25,203.0,Low,0.0
2024-12-25,489.0,Medium,0.0
2024-12-26,39.0,Low,0.0
2024-12-26,70.0,Low,0.0
2024-12-26,78.0,Low,0.0
2024-12-26,226.0,Low,0.0
2024-12-26,307.0,Low,0.0
2024-12-26,553.0,High,0.0
2024-12-27,406.0,Medium,0.0
2024-12-27,782.0,High,0.0
2024-12-28,163.0,Low,0.0
2024-12-28,256.0,Low,0.0
2024-12-28,509.0,Medium,0.0
